DetectionId;RelDetNumber;Label;Distance;Phi;Theta;Xglobal;Yglobal;Zglobal;Xradio;Yradio;Zradio;Room;ImageId;DetectedObjectId;DetectionCorrect;DetectedInRoom
1;1;Table;1.04;233.70;-42.70;-0.59;-0.54;0.61;-0.89;-0.59;0.66;LivingRoom;C3_1;Table;TRUE;LivingRoom
2;2;TV;2.75;271.30;11.10;-2.67;-0.02;1.85;-2.97;-0.08;1.90;LivingRoom;C3_1;TV;TRUE;LivingRoom
3;3;Sofa;2.20;332.20;-36.40;-0.80;1.48;0.01;-1.10;1.43;0.06;LivingRoom;C3_1;Sofa.001;TRUE;LivingRoom
4;4;Table;1.85;309.40;-34.80;-1.15;0.88;0.26;-1.45;0.83;0.31;LivingRoom;C3_1;Table.001;TRUE;LivingRoom
5;5;Cabinet;2.33;190.90;-7.80;-0.41;-2.35;1.00;-0.71;-2.40;1.05;LivingRoom;C3_1;Cabinet.001;TRUE;LivingRoom
6;6;Window;1.38;34.80;11.10;0.80;1.03;1.58;0.50;0.97;1.63;LivingRoom;C3_1;Window.001;TRUE;LivingRoom
7;7;Chair;1.22;257.30;-41.90;-0.86;-0.28;0.50;-1.16;-0.34;0.55;LivingRoom;C3_1;Chair.001;TRUE;LivingRoom
8;8;Cabinet;2.76;224.20;0.20;-1.90;-2.06;1.32;-2.20;-2.12;1.37;LivingRoom;C3_1;Cabinet;TRUE;LivingRoom
9;9;Pillow;2.53;337.10;-19.00;-0.90;2.12;0.49;-1.20;2.06;0.55;LivingRoom;C3_1;Pillow.002;TRUE;LivingRoom
10;10;Lamp;1.34;143.20;-26.30;0.75;-1.05;0.72;0.45;-1.10;0.77;LivingRoom;C3_1;Lamp.001;TRUE;LivingRoom
11;11;Pillow;2.33;354.50;-21.80;-0.18;2.07;0.45;-0.48;2.02;0.50;LivingRoom;C3_1;Pillow.001;TRUE;LivingRoom
12;12;Door;4.40;305.50;-1.20;-3.56;2.47;1.22;-3.86;2.42;1.27;LivingRoom;C3_1;Door;TRUE;LivingRoom
13;13;Pillow;1.45;354.40;-36.60;-0.09;1.08;0.45;-0.39;1.02;0.50;LivingRoom;C3_1;Pillow.003;TRUE;LivingRoom
14;14;Plant;3.48;252.40;-2.80;-3.29;-1.14;1.15;-3.59;-1.19;1.20;LivingRoom;C3_1;Plant.006;TRUE;LivingRoom
15;15;Lamp;2.33;340.40;33.60;-0.62;1.75;2.60;-0.92;1.69;2.66;LivingRoom;C3_1;Lamp.006;TRUE;LivingRoom
16;16;Sofa;1.10;25.00;-40.80;0.38;0.67;0.60;0.08;0.62;0.65;LivingRoom;C3_1;Sofa.001;TRUE;LivingRoom
17;17;Lamp;2.10;213.30;36.40;-0.90;-1.50;2.56;-1.20;-1.55;2.62;LivingRoom;C3_1;Lamp.004;TRUE;LivingRoom
18;18;Vase;2.82;253.00;-8.90;-2.64;-0.90;0.88;-2.94;-0.95;0.93;LivingRoom;C3_1;Vase.006;TRUE;LivingRoom
19;19;Lamp;1.95;192.00;39.00;-0.29;-1.56;2.54;-0.59;-1.62;2.59;LivingRoom;C3_1;Lamp.003;TRUE;LivingRoom
20;20;Window;1.60;87.40;-5.50;1.62;-0.01;1.16;1.32;-0.06;1.21;LivingRoom;C3_1;Door.001;FALSE;LivingRoom
21;21;Lamp;2.95;250.70;20.70;-2.58;-1.00;2.36;-2.88;-1.05;2.41;LivingRoom;C3_1;Lamp.009;TRUE;LivingRoom
22;22;Lamp;2.18;358.40;35.60;-0.02;1.69;2.58;-0.32;1.63;2.64;LivingRoom;C3_1;Lamp.007;TRUE;LivingRoom
23;23;Chair;1.24;216.10;-34.70;-0.57;-0.91;0.61;-0.87;-0.96;0.66;LivingRoom;C3_1;Chair.002;TRUE;LivingRoom
24;24;Shelf;3.28;243.60;-1.50;-2.91;-1.54;1.23;-3.21;-1.60;1.28;LivingRoom;C3_1;Shelf;TRUE;LivingRoom
25;25;Lamp;2.60;325.80;30.00;-1.24;1.78;2.62;-1.54;1.73;2.67;LivingRoom;C3_1;Lamp;TRUE;LivingRoom
26;26;Window;1.65;150.80;7.70;0.82;-1.51;1.54;0.52;-1.56;1.59;LivingRoom;C3_1;Window.002;TRUE;LivingRoom
27;27;Lamp;1.60;1.00;35.60;0.05;1.22;2.25;-0.25;1.16;2.30;LivingRoom;C3_1;Lamp.007;TRUE;LivingRoom
28;28;Pillow;1.37;2.20;-34.70;0.07;1.04;0.54;-0.23;0.98;0.59;LivingRoom;C3_1;Pillow.003;TRUE;LivingRoom
29;29;Plant;1.98;310.40;-27.30;-1.31;1.05;0.41;-1.61;1.00;0.46;LivingRoom;C3_1;Plant.009;TRUE;LivingRoom
30;30;Chair;2.38;233.10;-15.20;-1.81;-1.46;0.69;-2.11;-1.52;0.74;LivingRoom;C3_1;Chair.003;TRUE;LivingRoom
31;31;Plant;2.88;220.30;15.50;-1.77;-2.20;2.08;-2.07;-2.26;2.13;LivingRoom;C3_1;Plant;TRUE;LivingRoom
32;32;Switch;3.72;288.40;-0.60;-3.50;1.09;1.28;-3.80;1.03;1.33;LivingRoom;C3_1;Switch.001;TRUE;LivingRoom
33;33;Vase;2.78;219.60;11.30;-1.71;-2.18;1.86;-2.01;-2.24;1.91;LivingRoom;C3_1;Vase;TRUE;LivingRoom
34;34;Shelf;3.94;309.20;3.10;-3.02;2.40;1.53;-3.32;2.35;1.58;LivingRoom;C3_1;-;FALSE;LivingRoom
35;35;Vase;1.46;158.10;-27.40;0.51;-1.29;0.64;0.21;-1.34;0.70;LivingRoom;C3_1;Vase.001;TRUE;LivingRoom
36;36;Pillow;1.82;1.30;-22.00;0.06;1.60;0.63;-0.24;1.55;0.69;LivingRoom;C3_1;Pillow.001;TRUE;LivingRoom
37;37;Vase;2.78;223.20;10.30;-1.85;-2.08;1.81;-2.15;-2.14;1.87;LivingRoom;C3_1;Vase.003;TRUE;LivingRoom
38;38;Chair;1.38;259.80;-33.70;-1.10;-0.29;0.55;-1.40;-0.34;0.60;LivingRoom;C3_1;Chair;TRUE;LivingRoom
39;39;Vase;1.95;310.30;-28.40;-1.28;1.03;0.39;-1.58;0.97;0.44;LivingRoom;C3_1;Vase.007;TRUE;LivingRoom
40;40;Lamp;1.60;242.60;23.70;-1.28;-0.76;1.96;-1.58;-0.81;2.01;LivingRoom;C3_1;Lamp.008;TRUE;LivingRoom
41;41;Chair;1.60;235.50;-24.00;-1.18;-0.91;0.66;-1.48;-0.97;0.72;LivingRoom;C3_1;Chair.003;TRUE;LivingRoom
42;1;Table;1.01;280.40;-44.60;-0.74;-0.78;0.60;-0.83;-0.85;0.21;LivingRoom;C3_2;Table;TRUE;LivingRoom
43;2;Plant;1.03;85.00;-35.20;0.81;-0.84;0.72;0.72;-0.91;0.33;LivingRoom;C3_2;Plant.001;TRUE;LivingRoom
44;3;Cabinet;2.13;234.40;-2.20;-1.76;-2.15;1.23;-1.85;-2.22;0.84;LivingRoom;C3_2;Cabinet;TRUE;LivingRoom
45;4;Sofa;3.08;338.50;-22.70;-1.07;1.73;0.13;-1.16;1.66;-0.26;LivingRoom;C3_2;Sofa.001;TRUE;LivingRoom
46;5;Table;2.31;329.50;-26.40;-1.08;0.87;0.29;-1.17;0.80;-0.10;LivingRoom;C3_2;Table.001;TRUE;LivingRoom
47;6;Plant;1.33;120.90;-30.10;0.96;-1.51;0.65;0.87;-1.58;0.26;LivingRoom;C3_2;Plant.002;TRUE;LivingRoom
48;7;Cabinet;2.60;257.70;-2.60;-2.57;-1.47;1.20;-2.66;-1.54;0.81;LivingRoom;C3_2;Shelf;TRUE;LivingRoom
49;8;Door;4.48;312.90;-1.00;-3.32;2.13;1.24;-3.41;2.06;0.85;LivingRoom;C3_2;Door;TRUE;LivingRoom
50;9;Plant;2.19;229.30;18.40;-1.61;-2.27;2.01;-1.70;-2.34;1.62;LivingRoom;C3_2;Plant;TRUE;LivingRoom
51;10;Pillow;3.45;344.40;-12.90;-0.94;2.33;0.55;-1.02;2.26;0.16;LivingRoom;C3_2;Pillow.002;TRUE;LivingRoom
52;11;Lamp;1.30;192.70;58.80;-0.18;-1.57;2.42;-0.27;-1.64;2.03;LivingRoom;C3_2;Lamp.003;TRUE;LivingRoom
53;12;Plant;2.51;271.90;-4.70;-2.53;-0.83;1.11;-2.62;-0.90;0.72;LivingRoom;C3_2;Plant.006;TRUE;LivingRoom
54;13;Table;3.78;319.40;-12.10;-2.44;1.89;0.52;-2.53;1.82;0.13;LivingRoom;C3_2;-;FALSE;LivingRoom
55;14;Plant;2.38;241.30;17.00;-2.03;-2.01;2.01;-2.12;-2.08;1.62;LivingRoom;C3_2;Plant.005;TRUE;LivingRoom
56;15;Chair;1.85;303.80;-20.90;-1.47;0.05;0.66;-1.56;-0.02;0.27;LivingRoom;C3_2;Chair;TRUE;LivingRoom
57;16;Lamp;1.52;228.80;49.90;-0.77;-1.56;2.48;-0.86;-1.63;2.09;LivingRoom;C3_2;Lamp.004;TRUE;LivingRoom
58;17;Vase;2.33;240.80;11.80;-2.02;-2.02;1.79;-2.11;-2.09;1.40;LivingRoom;C3_2;Vase.005;TRUE;LivingRoom
59;18;Chair;1.85;256.20;-25.20;-1.66;-1.31;0.53;-1.75;-1.38;0.14;LivingRoom;C3_2;Chair.003;TRUE;LivingRoom
60;19;Vase;2.45;272.30;-11.60;-2.43;-0.82;0.82;-2.52;-0.89;0.43;LivingRoom;C3_2;Vase.006;TRUE;LivingRoom
61;20;Lamp;3.03;261.00;21.10;-2.83;-1.35;2.41;-2.91;-1.42;2.02;LivingRoom;C3_2;Lamp.009;TRUE;LivingRoom
62;21;Lamp;1.92;245.40;38.70;-1.40;-1.54;2.52;-1.49;-1.61;2.13;LivingRoom;C3_2;Lamp.005;TRUE;LivingRoom
63;22;Lamp;2.91;359.00;27.70;-0.08;1.66;2.67;-0.16;1.59;2.28;LivingRoom;C3_2;Lamp.007;TRUE;LivingRoom
64;23;Pillow;3.22;356.80;-13.70;-0.21;2.21;0.55;-0.30;2.14;0.16;LivingRoom;C3_2;Pillow.001;TRUE;LivingRoom
65;24;Lamp;2.99;346.30;26.80;-0.66;1.68;2.67;-0.75;1.61;2.28;LivingRoom;C3_2;Lamp.006;TRUE;LivingRoom
66;25;Lamp;3.15;334.40;25.00;-1.27;1.67;2.65;-1.35;1.59;2.26;LivingRoom;C3_2;Lamp;TRUE;LivingRoom
67;26;Window;1.50;21.50;11.90;0.51;0.46;1.62;0.42;0.39;1.23;LivingRoom;C3_2;Window.001;TRUE;LivingRoom
68;27;Vase;2.16;230.70;13.20;-1.66;-2.24;1.81;-1.75;-2.31;1.42;LivingRoom;C3_2;Vase;TRUE;LivingRoom
69;28;Lamp;1.50;0.90;27.70;-0.01;0.42;2.01;-0.10;0.35;1.62;LivingRoom;C3_2;Lamp.007;TRUE;LivingRoom
70;29;Plant;2.61;329.60;-19.70;-1.27;1.20;0.43;-1.36;1.13;0.04;LivingRoom;C3_2;Plant.009;TRUE;LivingRoom
71;30;Vase;2.56;329.60;-20.70;-1.24;1.15;0.41;-1.33;1.08;0.02;LivingRoom;C3_2;Vase.007;TRUE;LivingRoom
72;31;Cabinet;1.56;193.50;-11.50;-0.39;-2.40;1.00;-0.48;-2.47;0.61;LivingRoom;C3_2;Cabinet.001;TRUE;LivingRoom
73;32;Chair;1.08;243.00;-42.40;-0.74;-1.27;0.59;-0.83;-1.34;0.20;LivingRoom;C3_2;Chair.002;TRUE;LivingRoom
74;33;Pillow;2.77;358.90;-21.20;-0.08;1.67;0.31;-0.17;1.60;-0.08;LivingRoom;C3_2;Pillow.003;TRUE;LivingRoom
75;34;Window;1.29;102.30;12.30;1.20;-1.18;1.59;1.11;-1.25;1.20;LivingRoom;C3_2;Window.002;TRUE;LivingRoom
76;35;Chair;1.18;212.50;-70.20;-0.25;-1.25;0.20;-0.34;-1.32;-0.19;LivingRoom;C3_2;-;FALSE;LivingRoom
77;36;Lamp;2.41;277.10;29.40;-2.11;-0.65;2.50;-2.20;-0.72;2.11;LivingRoom;C3_2;Lamp.008;TRUE;LivingRoom
78;37;Heater;1.07;97.10;-54.50;0.58;-0.99;0.44;0.50;-1.06;0.05;LivingRoom;C3_2;Heater;TRUE;LivingRoom
79;38;Vase;2.60;329.60;-20.00;-1.27;1.19;0.43;-1.35;1.12;0.04;LivingRoom;C3_2;Vase.007;TRUE;LivingRoom
80;39;Window;1.34;38.30;-2.10;0.80;0.14;1.27;0.71;0.07;0.88;LivingRoom;C3_2;Door.001;FALSE;LivingRoom
81;40;Switch;3.63;297.10;-1.00;-3.26;0.74;1.25;-3.35;0.67;0.86;LivingRoom;C3_2;Switch.001;TRUE;LivingRoom
82;41;Vase;1.06;86.90;-41.20;0.76;-0.87;0.62;0.68;-0.94;0.23;LivingRoom;C3_2;Vase.001;TRUE;LivingRoom
83;42;Lamp;1.22;53.50;-24.30;0.86;-0.25;0.81;0.77;-0.32;0.42;LivingRoom;C3_2;Lamp.001;TRUE;LivingRoom
84;43;Vase;1.15;124.40;-37.90;0.72;-1.43;0.61;0.63;-1.50;0.22;LivingRoom;C3_2;Vase.002;TRUE;LivingRoom
85;1;Table;1.00;321.90;-43.60;-0.68;-1.00;0.62;-0.75;-0.58;0.87;LivingRoom;C3_3;Table;TRUE;LivingRoom
86;2;Chair;0.92;317.30;-55.20;-0.59;-1.19;0.56;-0.66;-0.76;0.80;LivingRoom;C3_3;Chair.002;TRUE;LivingRoom
87;3;Sofa;3.23;341.60;-17.00;-1.21;1.36;0.37;-1.28;1.78;0.62;LivingRoom;C3_3;Sofa.001;TRUE;LivingRoom
88;4;Window;2.08;24.00;0.50;0.61;0.32;1.33;0.54;0.75;1.58;LivingRoom;C3_3;Door.001;FALSE;LivingRoom
89;5;Door;4.16;316.30;-1.10;-3.10;1.43;1.24;-3.18;1.86;1.48;LivingRoom;C3_3;Door;TRUE;LivingRoom
90;6;Pillow;3.81;347.30;-10.60;-1.06;2.08;0.61;-1.13;2.51;0.86;LivingRoom;C3_3;Pillow.002;TRUE;LivingRoom
91;7;Cabinet;2.59;272.50;-3.00;-2.82;-1.46;1.18;-2.89;-1.03;1.42;LivingRoom;C3_3;Shelf;FALSE;LivingRoom
92;8;Lamp;1.26;267.00;65.40;-0.76;-1.60;2.46;-0.83;-1.17;2.71;LivingRoom;C3_3;Lamp.004;TRUE;LivingRoom
93;9;Chair;1.60;292.50;-38.30;-1.39;-1.09;0.32;-1.47;-0.67;0.57;LivingRoom;C3_3;Chair.003;TRUE;LivingRoom
94;10;Table;3.93;324.10;-11.10;-2.49;1.55;0.56;-2.56;1.97;0.80;LivingRoom;C3_3;-;FALSE;LivingRoom
95;11;Lamp;1.75;268.80;46.20;-1.44;-1.60;2.58;-1.52;-1.17;2.82;LivingRoom;C3_3;Lamp.005;TRUE;LivingRoom
96;12;Cabinet;1.77;246.00;-2.00;-1.85;-2.29;1.25;-1.92;-1.86;1.50;LivingRoom;C3_3;Cabinet;TRUE;LivingRoom
97;13;Vase;2.52;288.90;-11.70;-2.56;-0.78;0.81;-2.64;-0.35;1.05;LivingRoom;C3_3;Vase.006;TRUE;LivingRoom
98;14;Pillow;3.66;357.40;-11.00;-0.39;2.01;0.62;-0.47;2.44;0.86;LivingRoom;C3_3;Pillow.001;TRUE;LivingRoom
99;15;Socket;1.18;121.20;-55.90;0.34;-1.92;0.34;0.26;-1.49;0.58;LivingRoom;C3_3;Socket.011;TRUE;LivingRoom
100;16;Plant;2.68;288.80;-5.60;-2.75;-0.71;1.06;-2.83;-0.29;1.30;LivingRoom;C3_3;Plant.006;TRUE;LivingRoom
101;17;Lamp;2.86;270.00;22.70;-2.87;-1.57;2.42;-2.94;-1.15;2.66;LivingRoom;C3_3;Lamp.009;TRUE;LivingRoom
102;18;Lamp;4.19;324.40;-2.90;-2.67;1.83;1.11;-2.74;2.25;1.35;LivingRoom;C3_3;-;FALSE;LivingRoom
103;19;Lamp;3.37;339.10;21.40;-1.35;1.36;2.55;-1.42;1.79;2.79;LivingRoom;C3_3;Lamp;TRUE;LivingRoom
104;20;Plant;1.52;48.40;-18.80;0.84;-0.62;0.82;0.77;-0.19;1.07;LivingRoom;C3_3;Plant.001;TRUE;LivingRoom
105;21;Sofa;2.62;4.70;-17.40;-0.03;0.92;0.53;-0.10;1.35;0.77;LivingRoom;C3_3;Sofa.001;TRUE;LivingRoom
106;22;Lamp;3.41;349.40;22.20;-0.81;1.53;2.61;-0.89;1.96;2.85;LivingRoom;C3_3;Lamp.006;TRUE;LivingRoom
107;23;Lamp;2.68;1.10;22.50;-0.18;0.90;2.34;-0.26;1.33;2.58;LivingRoom;C3_3;Lamp.007;TRUE;LivingRoom
108;24;Window;1.53;61.90;8.50;1.11;-0.86;1.54;1.03;-0.43;1.79;LivingRoom;C3_3;Window.002;TRUE;LivingRoom
109;25;Lamp;3.36;359.30;22.70;-0.27;1.53;2.61;-0.34;1.95;2.85;LivingRoom;C3_3;Lamp.007;TRUE;LivingRoom
110;26;Curtain;0.91;181.70;-8.80;-0.26;-2.47;1.18;-0.33;-2.04;1.42;LivingRoom;C3_3;Cabinet.001;FALSE;LivingRoom
111;27;Plant;1.38;58.60;-22.60;0.86;-0.91;0.79;0.78;-0.48;1.03;LivingRoom;C3_3;Plant.002;TRUE;LivingRoom
112;1;Table;1.00;34.30;-42.20;-0.76;-0.91;0.64;-0.36;-0.74;1.44;LivingRoom;C3_4;Table;TRUE;LivingRoom
113;2;Chair;0.94;48.10;-55.10;-0.78;-1.17;0.54;-0.38;-1.00;1.35;LivingRoom;C3_4;Chair.002;TRUE;LivingRoom
114;3;Shelf;1.79;271.70;-8.70;-2.95;-1.47;1.04;-2.55;-1.30;1.85;LivingRoom;C3_4;Shelf;TRUE;LivingRoom
115;4;Door;3.80;322.90;-1.20;-3.47;1.50;1.23;-3.07;1.67;2.04;LivingRoom;C3_4;Door;TRUE;LivingRoom
116;5;Chair;0.84;331.50;-63.60;-1.35;-1.20;0.56;-0.95;-1.03;1.36;LivingRoom;C3_4;Chair.003;TRUE;LivingRoom
117;6;Vase;1.27;229.70;31.40;-2.00;-2.22;1.97;-1.60;-2.06;2.78;LivingRoom;C3_4;Vase.005;TRUE;LivingRoom
118;7;Pillow;2.56;22.10;-14.00;-0.24;0.77;0.69;0.16;0.94;1.50;LivingRoom;C3_4;Pillow.003;TRUE;LivingRoom
119;8;Lamp;1.05;96.20;71.30;-0.84;-1.56;2.31;-0.44;-1.39;3.11;LivingRoom;C3_4;Lamp.004;TRUE;LivingRoom
120;9;Pillow;2.90;12.90;-11.20;-0.54;1.24;0.75;-0.14;1.41;1.56;LivingRoom;C3_4;Pillow.001;TRUE;LivingRoom
121;10;Vase;1.64;300.80;-20.70;-2.49;-0.74;0.73;-2.09;-0.57;1.54;LivingRoom;C3_4;Vase.006;TRUE;LivingRoom
122;11;Lamp;0.97;255.20;79.80;-1.34;-1.57;2.27;-0.94;-1.40;3.07;LivingRoom;C3_4;Lamp.005;TRUE;LivingRoom
123;12;Sofa;3.69;347.00;-12.90;-1.99;1.98;0.49;-1.59;2.15;1.29;LivingRoom;C3_4;Sofa.001;TRUE;LivingRoom
124;13;Lamp;1.52;91.80;49.20;-0.19;-1.56;2.46;0.21;-1.39;3.27;LivingRoom;C3_4;Lamp.003;TRUE;LivingRoom
125;14;Plant;2.29;298.80;-7.90;-3.17;-0.43;1.00;-2.77;-0.26;1.81;LivingRoom;C3_4;Plant.006;TRUE;LivingRoom
126;15;Window;2.60;31.70;2.50;0.19;0.68;1.43;0.59;0.85;2.23;LivingRoom;C3_4;Window.001;TRUE;LivingRoom
127;16;Table;0.88;333.10;-46.10;-1.45;-0.98;0.68;-1.05;-0.81;1.48;LivingRoom;C3_4;Table;TRUE;LivingRoom
128;17;Lamp;2.32;267.60;31.90;-3.14;-1.61;2.54;-2.74;-1.44;3.34;LivingRoom;C3_4;Lamp.009;TRUE;LivingRoom
129;18;Sofa;2.73;17.70;-14.90;-0.37;0.99;0.61;0.03;1.15;1.42;LivingRoom;C3_4;Sofa.001;TRUE;LivingRoom
130;19;Pillow;2.85;2.70;-11.40;-1.05;1.27;0.75;-0.65;1.44;1.56;LivingRoom;C3_4;Pillow.002;TRUE;LivingRoom
131;20;Air Conditioning;3.12;314.50;14.50;-3.33;0.59;2.09;-2.93;0.76;2.90;LivingRoom;C3_4;AirConditioning;TRUE;LivingRoom
132;21;Lamp;2.64;5.00;22.00;-0.96;0.91;2.30;-0.56;1.08;3.11;LivingRoom;C3_4;Lamp.006;TRUE;LivingRoom
133;22;Lamp;3.32;353.80;22.50;-1.50;1.52;2.58;-1.11;1.69;3.39;LivingRoom;C3_4;Lamp;TRUE;LivingRoom
134;23;Lamp;2.69;15.80;21.10;-0.49;0.89;2.28;-0.09;1.06;3.09;LivingRoom;C3_4;Lamp.007;TRUE;LivingRoom
135;24;Plant;1.46;217.50;41.00;-1.84;-2.40;2.27;-1.44;-2.23;3.07;LivingRoom;C3_4;Plant;TRUE;LivingRoom
136;25;Cabinet;1.18;122.30;-10.90;-0.20;-2.15;1.09;0.20;-1.98;1.90;LivingRoom;C3_4;Cabinet.001;TRUE;LivingRoom
137;26;Window;2.18;65.30;1.40;0.81;-0.62;1.37;1.20;-0.45;2.17;LivingRoom;C3_4;Window.002;TRUE;LivingRoom
138;27;Lamp;3.84;333.50;-3.80;-2.88;1.91;1.06;-2.48;2.07;1.87;LivingRoom;C3_4;-;FALSE;LivingRoom
139;28;Sofa;1.70;347.00;-22.10;-1.53;0.01;0.68;-1.13;0.18;1.48;LivingRoom;C3_4;Sofa.001;TRUE;LivingRoom
140;29;Cabinet;1.01;216.50;-7.00;-1.77;-2.34;1.19;-1.37;-2.17;2.00;LivingRoom;C3_4;Cabinet;TRUE;LivingRoom
141;30;Vase;1.06;209.50;36.90;-1.59;-2.26;1.95;-1.19;-2.09;2.76;LivingRoom;C3_4;AlarmSensor.004;FALSE;LivingRoom
142;31;Roller Blind;2.14;74.10;5.50;0.88;-0.94;1.52;1.28;-0.77;2.32;LivingRoom;C3_4;RollerBlind.003;TRUE;LivingRoom
143;1;Table;0.87;87.60;-43.20;-1.15;-0.90;0.72;-0.97;-0.79;0.66;LivingRoom;C3_5;Table;TRUE;LivingRoom
144;2;Sofa;2.76;31.20;-16.90;-0.41;1.33;0.51;-0.23;1.44;0.45;LivingRoom;C3_5;Sofa.001;TRUE;LivingRoom
145;3;Table;2.03;25.60;-29.60;-1.02;0.67;0.31;-0.84;0.78;0.25;LivingRoom;C3_5;Table.001;TRUE;LivingRoom
146;4;Door;3.15;332.60;-2.40;-3.23;1.87;1.18;-3.05;1.98;1.12;LivingRoom;C3_5;Door;TRUE;LivingRoom
147;5;Pillow;2.86;22.40;-13.20;-0.72;1.65;0.66;-0.54;1.76;0.60;LivingRoom;C3_5;Pillow.002;TRUE;LivingRoom
148;6;Pillow;2.60;49.00;-14.40;0.12;0.73;0.67;0.30;0.84;0.61;LivingRoom;C3_5;Pillow.003;TRUE;LivingRoom
149;7;Pillow;3.02;34.30;-11.90;-0.12;1.51;0.69;0.06;1.63;0.63;LivingRoom;C3_5;Pillow.001;TRUE;LivingRoom
150;8;Vase;1.65;183.10;19.00;-1.86;-2.48;1.85;-1.69;-2.37;1.79;LivingRoom;C3_5;Vase.005;TRUE;LivingRoom
151;9;Lamp;1.32;158.00;55.20;-1.50;-1.63;2.40;-1.32;-1.51;2.34;LivingRoom;C3_5;Lamp.005;TRUE;LivingRoom
152;10;Lamp;1.66;131.90;44.00;-0.89;-1.73;2.47;-0.71;-1.61;2.41;LivingRoom;C3_5;Lamp.004;TRUE;LivingRoom
153;11;Lamp;1.59;248.20;36.70;-2.97;-1.40;2.27;-2.79;-1.29;2.21;LivingRoom;C3_5;Lamp.009;TRUE;LivingRoom
154;12;Lamp;2.13;119.80;34.00;-0.25;-1.81;2.50;-0.07;-1.69;2.44;LivingRoom;C3_5;Lamp.003;TRUE;LivingRoom
155;13;Lamp;2.60;96.40;20.20;0.65;-1.20;2.21;0.83;-1.08;2.15;LivingRoom;C3_5;Lamp.008;TRUE;LivingRoom
156;14;Lamp;2.76;26.30;26.10;-0.68;1.29;2.53;-0.50;1.41;2.47;LivingRoom;C3_5;Lamp.006;TRUE;LivingRoom
157;15;Lamp;2.66;13.20;27.30;-1.24;1.38;2.54;-1.06;1.49;2.48;LivingRoom;C3_5;Lamp;TRUE;LivingRoom
158;16;Plant;1.61;185.70;27.60;-1.92;-2.35;2.06;-1.74;-2.24;2.00;LivingRoom;C3_5;Plant.005;TRUE;LivingRoom
159;17;Sofa;2.54;354.80;-19.80;-2.00;1.45;0.46;-1.82;1.56;0.39;LivingRoom;C3_5;Sofa.001;TRUE;LivingRoom
160;18;Window;3.11;56.10;6.90;0.78;0.79;1.69;0.96;0.91;1.63;LivingRoom;C3_5;Window.001;TRUE;LivingRoom
161;19;Window;2.82;99.30;6.00;0.99;-1.38;1.61;1.16;-1.27;1.55;LivingRoom;C3_5;Window.002;TRUE;LivingRoom
162;20;Table;0.60;315.30;-56.20;-2.01;-0.69;0.82;-1.84;-0.58;0.76;LivingRoom;C3_5;Speaker;FALSE;LivingRoom
163;21;Table;2.94;348.00;-17.30;-2.36;1.82;0.44;-2.19;1.93;0.38;LivingRoom;C3_5;-;FALSE;LivingRoom
164;22;Vase;1.83;176.10;16.10;-1.66;-2.68;1.82;-1.48;-2.57;1.76;LivingRoom;C3_5;Vase.004;TRUE;LivingRoom
165;23;Plant;2.12;25.30;-22.70;-0.94;0.84;0.50;-0.77;0.95;0.44;LivingRoom;C3_5;Plant.009;TRUE;LivingRoom
166;24;Chair;1.48;113.70;-27.10;-0.58;-1.46;0.64;-0.40;-1.34;0.58;LivingRoom;C3_5;Chair.002;TRUE;LivingRoom
167;25;Shelf;2.38;125.60;-1.40;0.16;-2.32;1.26;0.33;-2.20;1.20;LivingRoom;C3_5;Cabinet.001;FALSE;LivingRoom
168;26;Vase;2.10;25.20;-23.60;-0.96;0.82;0.47;-0.78;0.93;0.41;LivingRoom;C3_5;Vase.007;TRUE;LivingRoom
169;27;Lamp;2.89;37.50;24.00;-0.17;1.17;2.49;0.00;1.28;2.43;LivingRoom;C3_5;Lamp.007;TRUE;LivingRoom
170;28;Cabinet;1.64;173.50;-19.90;-1.60;-2.46;0.76;-1.43;-2.34;0.70;LivingRoom;C3_5;Cabinet;TRUE;LivingRoom
171;29;Vase;1.81;167.30;15.80;-1.40;-2.62;1.81;-1.22;-2.51;1.74;LivingRoom;C3_5;AlarmSensor.004;FALSE;LivingRoom
172;30;Sofa;0.77;132.50;-50.20;-1.42;-1.26;0.73;-1.24;-1.15;0.66;LivingRoom;C3_5;Chair.003;TRUE;LivingRoom
173;31;Air Conditioning;1.08;320.00;17.10;-2.44;-0.14;1.63;-2.26;-0.03;1.57;LivingRoom;C3_5;AirConditioning;TRUE;LivingRoom
174;32;Cabinet;2.08;133.90;-9.00;-0.30;-2.36;0.99;-0.12;-2.24;0.93;LivingRoom;C3_5;Cabinet.001;TRUE;LivingRoom
175;1;Sofa;1.94;47.80;-28.50;-0.34;1.40;0.39;-0.27;1.37;0.39;LivingRoom;C3_6;Sofa.001;TRUE;LivingRoom
176;2;Table;1.15;158.90;-42.40;-1.29;-0.54;0.54;-1.22;-0.57;0.54;LivingRoom;C3_6;Table;TRUE;LivingRoom
177;3;Table;1.24;50.60;-55.30;-1.05;0.71;0.29;-0.99;0.68;0.29;LivingRoom;C3_6;Table.001;TRUE;LivingRoom
178;4;Chair;1.12;158.80;-51.80;-1.35;-0.39;0.44;-1.28;-0.42;0.44;LivingRoom;C3_6;Chair;TRUE;LivingRoom
179;5;Table;1.47;256.50;-40.60;-2.68;0.00;0.36;-2.61;-0.03;0.36;LivingRoom;C3_6;-;FALSE;LivingRoom
180;6;Window;2.54;83.00;7.80;0.90;0.57;1.66;0.97;0.54;1.66;LivingRoom;C3_6;Window.001;TRUE;LivingRoom
181;7;Cabinet;1.47;252.80;-45.20;-2.59;-0.05;0.27;-2.52;-0.08;0.27;LivingRoom;C3_6;Cabinet.003;TRUE;LivingRoom
182;8;Pillow;1.99;79.10;-21.90;0.21;0.61;0.57;0.28;0.58;0.57;LivingRoom;C3_6;Pillow.003;TRUE;LivingRoom
183;9;Window;2.75;133.60;6.80;0.38;-1.62;1.64;0.45;-1.66;1.64;LivingRoom;C3_6;Window.002;TRUE;LivingRoom
184;10;Plant;1.95;214.20;-12.10;-2.67;-1.32;0.91;-2.60;-1.35;0.91;LivingRoom;C3_6;Plant.006;TRUE;LivingRoom
185;11;Pillow;2.22;52.20;-18.70;0.06;1.55;0.60;0.13;1.52;0.60;LivingRoom;C3_6;Pillow.001;TRUE;LivingRoom
186;12;Pillow;2.00;34.60;-23.10;-0.56;1.77;0.53;-0.49;1.74;0.53;LivingRoom;C3_6;Pillow.002;TRUE;LivingRoom
187;13;Air Conditioning;3.03;309.30;18.30;-3.83;2.08;2.27;-3.76;2.05;2.27;LivingRoom;C3_6;AirConditioning;TRUE;LivingRoom
188;14;Chair;1.46;135.50;-39.90;-0.82;-0.54;0.38;-0.75;-0.57;0.38;LivingRoom;C3_6;Chair.001;TRUE;LivingRoom
189;15;Vase;1.83;213.70;-21.30;-2.55;-1.16;0.65;-2.48;-1.19;0.65;LivingRoom;C3_6;Vase.006;TRUE;LivingRoom
190;16;Plant;2.85;198.50;14.00;-2.48;-2.36;2.01;-2.41;-2.40;2.00;LivingRoom;C3_6;Plant.005;TRUE;LivingRoom
191;17;Door;3.46;324.10;-4.80;-3.62;3.05;1.03;-3.56;3.02;1.03;LivingRoom;C3_6;Door;TRUE;LivingRoom
192;18;Sofa;1.93;348.40;-29.40;-1.94;1.91;0.37;-1.87;1.88;0.37;LivingRoom;C3_6;Sofa.001;TRUE;LivingRoom
193;19;Vase;2.82;197.80;8.50;-2.45;-2.40;1.73;-2.38;-2.43;1.73;LivingRoom;C3_6;Vase.005;TRUE;LivingRoom
194;20;Lamp;1.73;18.00;42.90;-1.21;1.46;2.49;-1.14;1.43;2.49;LivingRoom;C3_6;Lamp;TRUE;LivingRoom
195;21;Lamp;1.86;40.90;39.50;-0.66;1.35;2.50;-0.59;1.32;2.50;LivingRoom;C3_6;Lamp.006;TRUE;LivingRoom
196;22;Lamp;2.34;170.70;29.70;-1.27;-1.75;2.48;-1.20;-1.78;2.48;LivingRoom;C3_6;Lamp.004;TRUE;LivingRoom
197;23;Lamp;2.28;188.10;31.10;-1.88;-1.67;2.49;-1.81;-1.70;2.49;LivingRoom;C3_6;Lamp.005;TRUE;LivingRoom
198;24;Switch;2.87;296.60;-6.10;-4.15;1.54;1.01;-4.08;1.51;1.01;LivingRoom;C3_6;Switch.001;TRUE;LivingRoom
199;25;Lamp;2.13;57.50;33.90;-0.11;1.21;2.51;-0.04;1.18;2.50;LivingRoom;C3_6;Lamp.007;TRUE;LivingRoom
200;26;Socket;2.68;291.10;-23.30;-3.90;1.15;0.25;-3.83;1.12;0.25;LivingRoom;C3_6;Socket;TRUE;LivingRoom
201;27;Plant;1.56;274.20;-35.00;-2.88;0.35;0.42;-2.81;0.32;0.42;LivingRoom;C3_6;Plant.008;TRUE;LivingRoom
202;28;Chair;1.57;160.60;-25.30;-1.13;-1.08;0.64;-1.06;-1.11;0.64;LivingRoom;C3_6;Chair.002;TRUE;LivingRoom
203;29;Door;2.53;106.80;-2.40;0.82;-0.47;1.21;0.88;-0.50;1.21;LivingRoom;C3_6;Door.001;TRUE;LivingRoom
204;30;Chair;4.85;312.70;-8.30;-5.13;3.51;0.62;-5.06;3.48;0.62;LivingRoom;C3_6;-;FALSE;Kitchen
205;31;Plant;2.90;192.70;10.80;-2.23;-2.52;1.86;-2.16;-2.55;1.86;LivingRoom;C3_6;Plant.004;TRUE;LivingRoom
206;32;Lamp;2.60;200.20;-27.10;-2.40;-1.91;0.13;-2.33;-1.94;0.13;LivingRoom;C3_6;-;FALSE;LivingRoom
207;33;Lamp;2.62;162.20;26.10;-0.88;-1.98;2.46;-0.81;-2.01;2.46;LivingRoom;C3_6;Lamp.008;TRUE;LivingRoom
208;34;Vase;2.90;186.70;8.40;-1.94;-2.59;1.74;-1.87;-2.62;1.74;LivingRoom;C3_6;Vase;TRUE;LivingRoom
209;35;Vase;2.89;193.40;7.70;-2.26;-2.52;1.70;-2.19;-2.56;1.70;LivingRoom;C3_6;Vase.003;TRUE;LivingRoom
210;36;Window;4.81;312.00;5.40;-5.16;3.47;1.77;-5.09;3.44;1.77;LivingRoom;C3_6;-;FALSE;Kitchen
211;37;Vase;1.53;274.80;-37.70;-2.81;0.36;0.38;-2.74;0.33;0.38;LivingRoom;C3_6;Vase.009;TRUE;LivingRoom
212;38;Curtain;4.82;312.00;5.50;-5.17;3.47;1.77;-5.10;3.44;1.77;LivingRoom;C3_6;-;FALSE;Kitchen
213;39;Lamp;2.58;123.20;-7.00;0.54;-1.14;1.00;0.61;-1.18;1.00;LivingRoom;C3_6;Lamp.001;TRUE;LivingRoom
214;1;Pillow;1.17;102.30;-44.50;-0.02;0.88;0.49;-0.07;0.69;0.70;LivingRoom;C3_7;Pillow.003;TRUE;LivingRoom
215;2;Table;0.90;232.70;-64.90;-1.14;0.83;0.50;-1.19;0.64;0.71;LivingRoom;C3_7;Table.001;TRUE;LivingRoom
216;3;Sofa;1.26;79.70;-49.50;-0.03;1.21;0.36;-0.08;1.01;0.57;LivingRoom;C3_7;Sofa.001;TRUE;LivingRoom
217;4;Table;2.73;184.00;-26.60;-1.01;-1.37;0.09;-1.06;-1.57;0.30;LivingRoom;C3_7;Table;TRUE;LivingRoom
218;5;Pillow;1.40;35.80;-41.50;-0.22;1.91;0.39;-0.27;1.72;0.60;LivingRoom;C3_7;Pillow.001;TRUE;LivingRoom
219;6;Chair;2.42;196.30;-31.90;-1.41;-0.91;0.04;-1.46;-1.11;0.25;LivingRoom;C3_7;Chair;TRUE;LivingRoom
220;7;Chair;2.38;174.70;-33.40;-0.65;-0.92;0.00;-0.70;-1.11;0.22;LivingRoom;C3_7;Chair.001;TRUE;LivingRoom
221;8;Pillow;1.23;346.20;-46.30;-1.04;1.89;0.43;-1.09;1.69;0.64;LivingRoom;C3_7;Pillow.002;TRUE;LivingRoom
222;9;Roller Blind;2.21;127.20;19.40;0.82;-0.20;2.05;0.77;-0.39;2.26;LivingRoom;C3_7;RollerBlind.002;TRUE;LivingRoom
223;10;Sofa;1.41;319.30;-45.60;-1.48;1.81;0.31;-1.53;1.61;0.52;LivingRoom;C3_7;Sofa.001;TRUE;LivingRoom
224;11;Air Conditioning;3.67;280.10;18.20;-4.27;1.67;2.46;-4.32;1.48;2.67;LivingRoom;C3_7;AirConditioning;TRUE;LivingRoom
225;12;Plant;2.84;212.30;-3.40;-2.35;-1.34;1.15;-2.40;-1.53;1.36;LivingRoom;C3_7;Plant.006;TRUE;LivingRoom
226;13;Plant;3.80;198.30;13.00;-2.00;-2.46;2.17;-2.05;-2.65;2.38;LivingRoom;C3_7;Plant.005;TRUE;LivingRoom
227;14;Window;3.04;145.70;4.70;0.87;-1.44;1.56;0.82;-1.64;1.77;LivingRoom;C3_7;Window.002;TRUE;LivingRoom
228;15;Heater;2.69;150.30;-22.00;0.40;-1.11;0.31;0.35;-1.30;0.52;LivingRoom;C3_7;Heater;TRUE;LivingRoom
229;16;Door;2.40;127.30;-5.00;1.07;-0.38;1.11;1.02;-0.58;1.32;LivingRoom;C3_7;Door.001;TRUE;LivingRoom
230;17;Lamp;1.16;7.40;63.40;-0.77;1.58;2.35;-0.82;1.38;2.57;LivingRoom;C3_7;Lamp.006;TRUE;LivingRoom
231;18;Lamp;1.41;48.80;52.30;-0.19;1.63;2.43;-0.24;1.43;2.64;LivingRoom;C3_7;Lamp.007;TRUE;LivingRoom
232;19;Lamp;1.32;318.00;56.70;-1.32;1.60;2.42;-1.37;1.40;2.63;LivingRoom;C3_7;Lamp;TRUE;LivingRoom
233;20;Cabinet;3.69;195.00;0.30;-1.79;-2.50;1.33;-1.84;-2.69;1.54;LivingRoom;C3_7;Cabinet;TRUE;LivingRoom
234;21;Vase;3.71;197.40;9.00;-1.93;-2.44;1.89;-1.98;-2.63;2.10;LivingRoom;C3_7;Vase.005;TRUE;LivingRoom
235;22;Vase;2.75;212.50;-9.00;-2.30;-1.23;0.88;-2.35;-1.43;1.10;LivingRoom;C3_7;Vase.006;TRUE;LivingRoom
236;23;Lamp;3.05;192.00;25.20;-1.41;-1.64;2.61;-1.46;-1.84;2.82;LivingRoom;C3_7;Lamp.005;TRUE;LivingRoom
237;24;Pillow;1.25;3.40;-47.20;-0.78;1.91;0.40;-0.84;1.72;0.61;LivingRoom;C3_7;Pillow.002;TRUE;LivingRoom
238;25;Switch;3.67;267.90;-1.90;-4.50;0.93;1.19;-4.55;0.73;1.40;LivingRoom;C3_7;Switch.001;TRUE;LivingRoom
239;26;Lamp;3.09;165.70;24.10;-0.14;-1.67;2.58;-0.19;-1.86;2.79;LivingRoom;C3_7;Lamp.003;TRUE;LivingRoom
240;27;Roller Blind;1.99;89.90;6.60;1.14;1.07;1.54;1.09;0.87;1.75;LivingRoom;C3_7;RollerBlind.001;TRUE;LivingRoom
241;28;Plant;3.05;146.90;-5.70;0.82;-1.48;1.01;0.77;-1.68;1.22;LivingRoom;C3_7;Plant.001;TRUE;LivingRoom
242;29;Socket;3.46;262.70;-15.50;-4.14;0.64;0.39;-4.19;0.44;0.60;LivingRoom;C3_7;Socket;TRUE;LivingRoom
243;30;Vase;2.84;150.20;-12.80;0.54;-1.34;0.69;0.49;-1.53;0.90;LivingRoom;C3_7;Vase.002;TRUE;LivingRoom
244;31;Shelf;2.94;295.90;3.70;-3.47;2.34;1.50;-3.52;2.14;1.72;LivingRoom;C3_7;-;FALSE;LivingRoom
245;32;Cabinet;2.34;234.40;-25.40;-2.55;-0.17;0.31;-2.60;-0.36;0.52;LivingRoom;C3_7;Cabinet.003;TRUE;LivingRoom
246;33;Plant;3.80;192.90;10.60;-1.67;-2.58;2.01;-1.72;-2.77;2.22;LivingRoom;C3_7;Plant.004;TRUE;LivingRoom
247;34;Vase;3.77;193.00;8.30;-1.68;-2.57;1.86;-1.73;-2.77;2.07;LivingRoom;C3_7;Vase.003;TRUE;LivingRoom
248;35;Vase;2.86;146.20;-10.90;0.73;-1.27;0.78;0.68;-1.47;0.99;LivingRoom;C3_7;Vase.001;TRUE;LivingRoom
249;36;Cabinet;2.63;235.10;10.90;-2.95;-0.41;1.81;-3.00;-0.61;2.02;LivingRoom;C3_7;TV;FALSE;LivingRoom
250;37;Window;1.99;89.90;6.60;1.14;1.07;1.54;1.09;0.87;1.75;LivingRoom;C3_7;Window.001;TRUE;LivingRoom
251;38;Switch;3.64;252.90;-1.00;-4.32;-0.01;1.25;-4.37;-0.20;1.46;LivingRoom;C3_7;Switch;TRUE;LivingRoom
252;39;Cabinet;3.55;168.30;-1.80;-0.12;-2.42;1.20;-0.17;-2.61;1.41;LivingRoom;C3_7;Cabinet.001;TRUE;LivingRoom
253;1;Sofa;1.46;56.60;-44.80;-0.95;1.50;0.28;-0.73;1.31;0.71;LivingRoom;C3_8;Sofa.001;TRUE;LivingRoom
254;2;Table;1.29;107.10;-56.40;-1.13;0.71;0.24;-0.91;0.53;0.67;LivingRoom;C3_8;Table.001;TRUE;LivingRoom
255;3;Table;1.99;153.60;-26.80;-1.02;-0.67;0.42;-0.80;-0.85;0.84;LivingRoom;C3_8;Table;TRUE;LivingRoom
256;4;Cabinet;1.72;216.00;-39.30;-2.59;-0.15;0.23;-2.38;-0.34;0.65;LivingRoom;C3_8;Cabinet.003;TRUE;LivingRoom
257;5;Chair;2.18;142.60;-27.00;-0.63;-0.62;0.33;-0.41;-0.80;0.75;LivingRoom;C3_8;Chair.001;TRUE;LivingRoom
258;6;Pillow;1.62;47.40;-33.90;-0.82;1.83;0.41;-0.60;1.65;0.83;LivingRoom;C3_8;Pillow.002;TRUE;LivingRoom
259;7;Pillow;2.09;94.30;-21.60;0.12;0.78;0.55;0.34;0.59;0.97;LivingRoom;C3_8;Pillow.003;TRUE;LivingRoom
260;8;Sofa;1.39;333.90;-47.30;-2.23;1.77;0.29;-2.01;1.59;0.71;LivingRoom;C3_8;Sofa.001;TRUE;LivingRoom
261;9;Roller Blind;2.80;89.50;6.90;0.97;0.94;1.65;1.19;0.76;2.08;LivingRoom;C3_8;RollerBlind.001;TRUE;LivingRoom
262;10;Pillow;2.07;63.40;-24.10;-0.12;1.77;0.47;0.10;1.59;0.89;LivingRoom;C3_8;Pillow.001;TRUE;LivingRoom
263;11;Air Conditioning;2.83;290.10;20.00;-4.31;1.84;2.28;-4.09;1.65;2.71;LivingRoom;C3_8;AirConditioning;TRUE;LivingRoom
264;12;Window;3.30;131.60;6.90;0.64;-1.25;1.71;0.86;-1.44;2.13;LivingRoom;C3_8;Window.002;TRUE;LivingRoom
265;13;Plant;3.48;182.80;14.80;-1.98;-2.44;2.20;-1.76;-2.63;2.63;LivingRoom;C3_8;Plant.005;TRUE;LivingRoom
266;14;Plant;2.94;190.90;-4.60;-2.37;-1.95;1.08;-2.15;-2.14;1.50;LivingRoom;C3_8;Plant.006;TRUE;LivingRoom
267;15;Lamp;1.66;54.00;44.30;-0.85;1.62;2.47;-0.63;1.43;2.89;LivingRoom;C3_8;Lamp.006;TRUE;LivingRoom
268;16;Door;2.95;114.40;-2.30;0.87;-0.29;1.20;1.09;-0.48;1.62;LivingRoom;C3_8;Door.001;TRUE;LivingRoom
269;17;Lamp;1.33;26.60;54.80;-1.47;1.61;2.40;-1.25;1.42;2.82;LivingRoom;C3_8;Lamp;TRUE;LivingRoom
270;18;Chair;2.48;156.80;-31.70;-0.98;-1.02;0.01;-0.76;-1.20;0.44;LivingRoom;C3_8;Chair;TRUE;LivingRoom
271;19;Vase;2.78;190.40;-11.60;-2.30;-1.76;0.76;-2.08;-1.94;1.18;LivingRoom;C3_8;Vase.006;TRUE;LivingRoom
272;20;Vase;3.54;182.20;10.40;-1.95;-2.56;1.95;-1.73;-2.74;2.38;LivingRoom;C3_8;Vase.005;TRUE;LivingRoom
273;21;Lamp;2.13;66.90;34.70;-0.20;1.61;2.53;0.02;1.42;2.95;LivingRoom;C3_8;Lamp.007;TRUE;LivingRoom
274;22;Socket;2.79;265.40;-24.90;-4.34;0.72;0.14;-4.12;0.53;0.56;LivingRoom;C3_8;Socket;TRUE;LivingRoom
275;23;Lamp;2.96;160.20;26.30;-0.91;-1.57;2.63;-0.69;-1.76;3.05;LivingRoom;C3_8;Lamp.004;TRUE;LivingRoom
276;24;Lamp;2.87;173.40;27.60;-1.52;-1.60;2.65;-1.30;-1.79;3.07;LivingRoom;C3_8;Lamp.005;TRUE;LivingRoom
277;25;Vase;1.73;227.40;-33.80;-2.87;-0.05;0.35;-2.65;-0.24;0.77;LivingRoom;C3_8;Vase.009;TRUE;LivingRoom
278;26;Plant;1.77;230.50;-31.40;-2.98;-0.04;0.39;-2.76;-0.22;0.81;LivingRoom;C3_8;Plant.008;TRUE;LivingRoom
279;27;Switch;2.82;273.20;-7.10;-4.60;1.08;0.97;-4.38;0.89;1.39;LivingRoom;C3_8;Switch.001;TRUE;LivingRoom
280;28;Plant;3.55;178.40;14.10;-1.72;-2.52;2.18;-1.50;-2.71;2.60;LivingRoom;C3_8;Plant.003;TRUE;LivingRoom
281;29;Door;3.68;280.30;-5.50;-5.42;1.58;0.96;-5.20;1.39;1.39;LivingRoom;C3_8;Wardrobe;FALSE;Bedroom
282;30;Speaker;1.94;198.80;-25.60;-2.37;-0.74;0.48;-2.16;-0.92;0.90;LivingRoom;C3_8;-;FALSE;LivingRoom
283;31;Lamp;3.13;149.10;24.30;-0.34;-1.53;2.60;-0.13;-1.71;3.03;LivingRoom;C3_8;Lamp.003;TRUE;LivingRoom
284;32;Vase;3.60;176.90;9.80;-1.62;-2.62;1.93;-1.40;-2.80;2.35;LivingRoom;C3_8;Vase.003;TRUE;LivingRoom
285;33;Lamp;2.54;256.10;-0.80;-4.28;0.31;1.28;-4.06;0.13;1.70;LivingRoom;C3_8;-;FALSE;LivingRoom
286;34;Cabinet;1.82;251.50;-36.90;-3.19;0.46;0.22;-2.97;0.28;0.65;LivingRoom;C3_8;AirPurifier;FALSE;LivingRoom
287;35;Door;2.83;107.50;-1.40;0.88;0.07;1.25;1.10;-0.11;1.67;LivingRoom;C3_8;Door.001;TRUE;LivingRoom
288;36;Plant;1.33;106.40;-50.50;-1.00;0.68;0.29;-0.78;0.50;0.72;LivingRoom;C3_8;Plant.009;TRUE;LivingRoom
289;37;Cabinet;3.38;179.10;1.20;-1.76;-2.45;1.39;-1.54;-2.64;1.81;LivingRoom;C3_8;Cabinet;TRUE;LivingRoom
290;38;Switch;2.94;252.20;-5.00;-4.60;0.02;1.06;-4.38;-0.16;1.48;LivingRoom;C3_8;Switch;TRUE;LivingRoom
291;39;Vase;3.52;178.70;9.80;-1.73;-2.54;1.91;-1.51;-2.73;2.33;LivingRoom;C3_8;Vase.003;TRUE;LivingRoom
292;40;Vase;3.35;135.80;-5.20;0.51;-1.47;1.01;0.73;-1.66;1.44;LivingRoom;C3_8;Vase.002;TRUE;LivingRoom
293;41;Vase;3.55;175.10;9.60;-1.51;-2.56;1.90;-1.29;-2.75;2.33;LivingRoom;C3_8;Vase;TRUE;LivingRoom
294;42;Vase;3.51;178.40;9.80;-1.72;-2.54;1.91;-1.50;-2.72;2.34;LivingRoom;C3_8;Vase.005;TRUE;LivingRoom
295;43;Cabinet;1.89;222.70;14.00;-3.05;-0.42;1.77;-2.83;-0.61;2.19;LivingRoom;C3_8;TV;FALSE;LivingRoom
296;44;Painting;3.65;174.40;13.60;-1.47;-2.61;2.18;-1.25;-2.79;2.60;LivingRoom;C3_8;Plant;FALSE;LivingRoom
297;45;Shelf;2.91;305.20;-8.00;-4.17;2.58;0.91;-3.95;2.40;1.33;LivingRoom;C3_8;Door;FALSE;LivingRoom
298;46;Chair;1.88;167.30;-20.10;-1.42;-0.80;0.67;-1.20;-0.99;1.09;LivingRoom;C3_8;Chair.003;TRUE;LivingRoom
299;47;Socket;1.90;332.70;-36.00;-2.52;2.29;0.20;-2.30;2.11;0.62;LivingRoom;C3_8;Socket.010;TRUE;LivingRoom
300;48;Lamp;3.15;150.90;21.60;-0.38;-1.64;2.48;-0.16;-1.82;2.90;LivingRoom;C3_8;Lamp.008;TRUE;LivingRoom
301;1;Sofa;1.70;64.90;-34.50;-1.63;1.64;0.35;-1.15;1.68;0.30;LivingRoom;C3_9;Sofa.001;TRUE;LivingRoom
302;2;Door;1.82;323.90;-8.30;-3.97;2.50;1.05;-3.48;2.54;1.01;LivingRoom;C3_9;Door;TRUE;LivingRoom
303;3;Table;0.78;21.90;-46.50;-2.71;1.54;0.75;-2.22;1.58;0.70;LivingRoom;C3_9;-;FALSE;LivingRoom
304;4;Cabinet;2.09;195.50;-20.30;-3.43;-0.85;0.59;-2.95;-0.81;0.54;LivingRoom;C3_9;Cabinet.005;TRUE;LivingRoom
305;5;Chair;2.73;130.40;-21.80;-0.98;-0.60;0.30;-0.49;-0.56;0.26;LivingRoom;C3_9;Chair;TRUE;LivingRoom
306;6;Air Conditioning;1.68;292.10;33.60;-4.20;1.57;2.24;-3.72;1.61;2.20;LivingRoom;C3_9;AirConditioning;TRUE;LivingRoom
307;7;Table;2.08;98.10;-29.90;-1.12;0.79;0.27;-0.63;0.83;0.23;LivingRoom;C3_9;Table.001;TRUE;LivingRoom
308;8;Window;3.75;90.00;6.10;0.83;1.04;1.72;1.31;1.08;1.67;LivingRoom;C3_9;Window.001;TRUE;LivingRoom
309;9;Pillow;2.46;69.10;-18.40;-0.72;1.87;0.54;-0.24;1.92;0.49;LivingRoom;C3_9;Pillow.002;TRUE;LivingRoom
310;10;Chair;2.75;142.70;-18.40;-1.33;-1.03;0.45;-0.84;-0.99;0.40;LivingRoom;C3_9;Chair.003;TRUE;LivingRoom
311;11;Table;2.30;135.00;-20.40;-1.38;-0.48;0.51;-0.90;-0.44;0.47;LivingRoom;C3_9;Table;TRUE;LivingRoom
312;12;Pillow;2.95;74.00;-13.50;-0.15;1.83;0.62;0.33;1.87;0.58;LivingRoom;C3_9;Pillow.001;TRUE;LivingRoom
313;13;Chair;3.14;123.20;-18.10;-0.41;-0.59;0.34;0.08;-0.55;0.29;LivingRoom;C3_9;Chair.001;TRUE;LivingRoom
314;14;Switch;1.74;264.30;-12.80;-4.60;0.87;0.93;-4.11;0.92;0.88;LivingRoom;C3_9;Switch.001;TRUE;LivingRoom
315;15;Socket;1.80;252.00;-40.20;-4.22;0.61;0.15;-3.73;0.66;0.11;LivingRoom;C3_9;Socket;TRUE;LivingRoom
316;16;Window;4.25;121.70;5.30;0.69;-1.18;1.71;1.18;-1.14;1.66;LivingRoom;C3_9;Window.002;TRUE;LivingRoom
317;17;Cabinet;1.48;168.70;-44.50;-2.70;0.01;0.28;-2.22;0.05;0.23;LivingRoom;C3_9;Cabinet.003;TRUE;LivingRoom
318;18;Door;3.97;107.10;-0.80;0.88;-0.12;1.26;1.37;-0.08;1.21;LivingRoom;C3_9;Door.001;TRUE;LivingRoom
319;19;Lamp;2.01;68.10;39.30;-1.47;1.62;2.58;-0.98;1.66;2.54;LivingRoom;C3_9;Lamp;TRUE;LivingRoom
320;20;Switch;2.08;231.70;-9.00;-4.52;-0.23;0.99;-4.03;-0.19;0.94;LivingRoom;C3_9;Switch;TRUE;LivingRoom
321;21;Plant;1.99;98.00;-23.30;-1.10;0.79;0.53;-0.62;0.83;0.48;LivingRoom;C3_9;Plant.009;TRUE;LivingRoom
322;22;Lamp;2.56;74.40;31.10;-0.80;1.63;2.64;-0.32;1.67;2.59;LivingRoom;C3_9;Lamp.006;TRUE;LivingRoom
323;23;Lamp;3.84;142.20;20.50;-0.70;-1.80;2.66;-0.22;-1.76;2.61;LivingRoom;C3_9;Lamp.004;TRUE;LivingRoom
324;24;Vase;1.97;98.00;-24.30;-1.13;0.79;0.51;-0.65;0.83;0.46;LivingRoom;C3_9;Vase.007;TRUE;LivingRoom
325;25;Lamp;3.51;151.50;22.10;-1.35;-1.82;2.63;-0.87;-1.78;2.59;LivingRoom;C3_9;Lamp.005;TRUE;LivingRoom
326;26;Lamp;3.12;78.00;25.60;-0.15;1.63;2.67;0.33;1.67;2.62;LivingRoom;C3_9;Lamp.007;TRUE;LivingRoom
327;27;Chair;2.42;135.30;-13.80;-1.25;-0.63;0.74;-0.77;-0.59;0.69;LivingRoom;C3_9;Chair.002;TRUE;LivingRoom
328;28;Lamp;4.45;132.60;15.10;0.26;-1.87;2.47;0.74;-1.83;2.43;LivingRoom;C3_9;Lamp.008;TRUE;LivingRoom
329;29;Chair;3.90;299.90;-11.90;-6.21;2.94;0.51;-5.73;2.98;0.46;LivingRoom;C3_9;-;FALSE;Kitchen
330;30;Shelf;0.75;12.80;-5.10;-2.74;1.77;1.25;-2.26;1.81;1.20;LivingRoom;C3_9;-;FALSE;LivingRoom
331;31;Cabinet;4.16;299.10;4.20;-6.53;3.06;1.62;-6.05;3.10;1.58;LivingRoom;C3_9;Cabinet.013;TRUE;Kitchen
332;32;Lamp;4.03;134.80;18.70;-0.20;-1.65;2.61;0.29;-1.61;2.56;LivingRoom;C3_9;Lamp.003;TRUE;LivingRoom
333;33;Cabinet;1.35;183.60;-41.00;-2.97;0.02;0.43;-2.49;0.06;0.38;LivingRoom;C3_9;Speaker.001;FALSE;LivingRoom
334;1;Sofa;1.86;87.30;-25.60;-2.07;1.49;0.51;-1.45;1.71;0.03;LivingRoom;C3_10;Sofa.001;TRUE;LivingRoom
335;2;Window;5.32;263.70;2.60;-9.02;0.83;1.55;-8.40;1.04;1.07;LivingRoom;C3_10;Window.004;TRUE;Bedroom
336;3;Pillow;3.80;97.90;-11.30;-0.06;0.90;0.57;0.57;1.11;0.09;LivingRoom;C3_10;Pillow.003;TRUE;LivingRoom
337;4;Cabinet;1.85;143.90;-32.70;-2.82;0.15;0.31;-2.20;0.37;-0.17;LivingRoom;C3_10;Cabinet.003;TRUE;LivingRoom
338;5;Door;1.22;340.70;-5.30;-4.15;2.56;1.20;-3.52;2.78;0.72;LivingRoom;C3_10;Door;TRUE;LivingRoom
339;6;Table;2.31;103.60;-27.00;-1.75;0.93;0.27;-1.12;1.14;-0.22;LivingRoom;C3_10;Table.001;TRUE;LivingRoom
340;7;Heater;5.18;264.10;-9.50;-8.83;0.89;0.46;-8.20;1.10;-0.03;LivingRoom;C3_10;Heater.002;TRUE;Bedroom
341;8;Table;3.28;128.80;-16.90;-1.30;-0.55;0.36;-0.68;-0.34;-0.12;LivingRoom;C3_10;Table;TRUE;LivingRoom
342;9;Switch;1.31;223.50;-20.80;-4.59;0.52;0.85;-3.96;0.74;0.37;LivingRoom;C3_10;Switch.001;TRUE;LivingRoom
343;10;Chair;3.59;125.80;-18.10;-0.98;-0.58;0.20;-0.35;-0.37;-0.29;LivingRoom;C3_10;Chair;TRUE;LivingRoom
344;11;Pillow;3.56;83.40;-12.00;-0.29;1.81;0.57;0.34;2.03;0.09;LivingRoom;C3_10;Pillow.001;TRUE;LivingRoom
345;12;Door;1.30;12.30;-5.20;-3.47;2.68;1.20;-2.84;2.89;0.71;LivingRoom;C3_10;Door;TRUE;LivingRoom
346;13;Window;4.91;120.20;1.70;0.50;-1.05;1.46;1.13;-0.84;0.98;LivingRoom;C3_10;Window.002;TRUE;LivingRoom
347;14;Pillow;3.05;82.10;-15.20;-0.83;1.82;0.52;-0.21;2.03;0.03;LivingRoom;C3_10;Pillow.002;TRUE;LivingRoom
348;15;Socket;1.51;211.90;-50.40;-4.25;0.60;0.15;-3.63;0.81;-0.33;LivingRoom;C3_10;Socket;TRUE;LivingRoom
349;16;Lamp;3.36;169.30;19.00;-3.15;-1.71;2.41;-2.53;-1.50;1.93;LivingRoom;C3_10;Lamp.009;TRUE;LivingRoom
350;17;Chair;3.72;120.90;-15.50;-0.67;-0.43;0.32;-0.05;-0.21;-0.16;LivingRoom;C3_10;Chair.001;TRUE;LivingRoom
351;18;Plant;2.44;145.80;-11.70;-2.40;-0.56;0.82;-1.77;-0.35;0.34;LivingRoom;C3_10;Plant.006;TRUE;LivingRoom
352;19;Socket;1.80;182.60;-45.90;-3.80;0.16;0.02;-3.18;0.38;-0.46;LivingRoom;C3_10;-;FALSE;LivingRoom
353;20;Lamp;2.73;86.50;27.60;-1.33;1.56;2.58;-0.70;1.78;2.10;LivingRoom;C3_10;Lamp;TRUE;LivingRoom
354;21;Window;4.67;106.70;-2.40;0.73;0.07;1.12;1.35;0.28;0.63;LivingRoom;C3_10;Window.001;TRUE;LivingRoom
355;22;Lamp;3.81;87.60;18.90;-0.14;1.57;2.55;0.48;1.78;2.07;LivingRoom;C3_10;Lamp.007;TRUE;LivingRoom
356;23;Switch;2.38;198.30;-10.00;-4.48;-0.81;0.90;-3.85;-0.60;0.42;LivingRoom;C3_10;Switch;TRUE;LivingRoom
357;24;Lamp;4.32;262.40;13.90;-7.90;0.86;2.35;-7.27;1.07;1.87;LivingRoom;C3_10;Lamp.018;TRUE;Bedroom
358;25;Lamp;4.35;135.90;14.20;-0.81;-1.61;2.38;-0.19;-1.40;1.90;LivingRoom;C3_10;Lamp.004;TRUE;LivingRoom
359;26;Cabinet;3.16;182.30;-19.30;-3.87;-1.57;0.27;-3.24;-1.36;-0.21;LivingRoom;C3_10;Computer;FALSE;LivingRoom
360;27;Socket;2.61;177.70;-31.60;-3.65;-0.81;-0.06;-3.03;-0.60;-0.54;LivingRoom;C3_10;-;FALSE;LivingRoom
361;28;Lamp;4.61;130.50;12.90;-0.33;-1.50;2.34;0.30;-1.29;1.86;LivingRoom;C3_10;Lamp.003;TRUE;LivingRoom
362;29;Lamp;3.99;142.40;15.50;-1.40;-1.63;2.38;-0.77;-1.42;1.90;LivingRoom;C3_10;Lamp.005;TRUE;LivingRoom
363;30;Chair;3.86;135.40;-16.60;-1.15;-1.22;0.21;-0.52;-1.01;-0.27;LivingRoom;C3_10;Chair.003;TRUE;LivingRoom
364;31;Lamp;3.66;147.20;12.90;-1.81;-1.59;2.14;-1.19;-1.38;1.65;LivingRoom;C3_10;-;FALSE;LivingRoom
365;32;Lamp;3.53;261.40;16.10;-7.09;0.91;2.29;-6.47;1.12;1.81;LivingRoom;C3_10;Lamp.017;TRUE;Bedroom
366;33;Table;2.42;255.80;-13.40;-6.02;0.84;0.75;-5.40;1.05;0.27;LivingRoom;C3_10;Table.002;TRUE;Bedroom
367;34;Lamp;3.33;87.10;22.40;-0.67;1.57;2.59;-0.04;1.78;2.10;LivingRoom;C3_10;Lamp.006;TRUE;LivingRoom
368;35;Lamp;3.85;143.00;14.20;-1.50;-1.56;2.26;-0.88;-1.35;1.78;LivingRoom;C3_10;-;FALSE;LivingRoom
369;36;Table;1.39;70.00;-38.80;-2.73;1.78;0.44;-2.10;2.00;-0.04;LivingRoom;C3_10;-;FALSE;LivingRoom
370;37;Shelf;1.46;51.10;32.90;-2.79;2.18;2.11;-2.17;2.39;1.62;LivingRoom;C3_10;-;FALSE;LivingRoom
371;38;Vase;2.38;145.90;-15.90;-2.46;-0.48;0.66;-1.84;-0.27;0.18;LivingRoom;C3_10;Vase.006;TRUE;LivingRoom
372;39;Chair;3.85;118.90;-12.20;-0.45;-0.41;0.50;0.18;-0.20;0.02;LivingRoom;C3_10;Chair.001;TRUE;LivingRoom
373;40;Chair;3.08;131.10;-13.90;-1.49;-0.55;0.58;-0.86;-0.34;0.09;LivingRoom;C3_10;Chair.002;TRUE;LivingRoom
374;41;Cabinet;1.96;167.40;-25.30;-3.36;-0.31;0.48;-2.73;-0.10;-0.01;LivingRoom;C3_10;Cabinet.005;TRUE;LivingRoom
375;42;Window;4.46;95.30;1.20;0.70;1.00;1.41;1.32;1.21;0.93;LivingRoom;C3_10;Window.001;TRUE;LivingRoom
376;43;Lamp;4.40;130.50;14.00;-0.50;-1.36;2.38;0.13;-1.14;1.90;LivingRoom;C3_10;Lamp.003;TRUE;LivingRoom
377;44;Rug;3.66;259.20;-17.40;-7.17;0.76;0.22;-6.55;0.97;-0.26;LivingRoom;C3_10;Rug.006;TRUE;Bedroom
378;45;Socket;3.18;96.20;-24.50;-0.87;1.10;0.00;-0.24;1.31;-0.49;LivingRoom;C3_10;-;FALSE;LivingRoom
379;46;Lamp;4.52;130.50;13.30;-0.40;-1.44;2.36;0.22;-1.23;1.87;LivingRoom;C3_10;Lamp.003;TRUE;LivingRoom
380;1;Cabinet;1.03;112.6;-42.7;-3.12;-0.22;0.62;-2.64;0.19;0.88;LivingRoom;C3_11;Cabinet.005;TRUE;LivingRoom
381;2;Air Conditioning;1.66;343.6;35.7;-4.2;1.36;2.28;-3.72;1.77;2.54;LivingRoom;C3_11;AirConditioning;TRUE;LivingRoom
382;3;Sofa;3.31;65.8;-17.1;-0.93;1.36;0.34;-0.45;1.78;0.6;LivingRoom;C3_11;Sofa.001;TRUE;LivingRoom
383;4;Door;2.53;353.6;-5.3;-4.1;2.58;1.08;-3.62;2.99;1.34;LivingRoom;C3_11;Door;TRUE;LivingRoom
384;5;Table;2.96;74.2;-20.3;-1.14;0.83;0.29;-0.67;1.24;0.55;LivingRoom;C3_11;Table.001;TRUE;LivingRoom
385;6;Table;1.41;80.7;-33.2;-2.65;0.26;0.54;-2.17;0.67;0.8;LivingRoom;C3_11;Speaker.001;FALSE;LivingRoom
386;7;Plant;1.84;115.3;9.6;-2.18;-0.7;1.62;-1.7;-0.29;1.88;LivingRoom;C3_11;Plant.007;TRUE;LivingRoom
387;8;Vase;1.7;114.7;6.5;-2.29;-0.63;1.51;-1.81;-0.22;1.77;LivingRoom;C3_11;Vase.008;TRUE;LivingRoom
388;9;Pillow;3.73;63;-9;-0.54;1.74;0.73;-0.06;2.16;0.99;LivingRoom;C3_11;Pillow.001;TRUE;LivingRoom
389;10;Window;4.55;91.8;-9;0.68;-0.07;0.6;1.15;0.34;0.86;LivingRoom;C3_11;Door.001;FALSE;LivingRoom
390;11;Pillow;3.66;76.9;-8.7;-0.29;0.89;0.76;0.19;1.3;1.02;LivingRoom;C3_11;Pillow.003;TRUE;LivingRoom
391;12;Switch;1.16;254.1;-26.6;-4.81;-0.21;0.8;-4.33;0.2;1.06;LivingRoom;C3_11;Switch;TRUE;LivingRoom
392;13;Socket;1.25;322;-57.7;-4.23;0.6;0.26;-3.75;1.01;0.52;LivingRoom;C3_11;Socket;TRUE;LivingRoom
393;14;Pillow;3.33;58;-11;-1.05;1.8;0.68;-0.57;2.21;0.94;LivingRoom;C3_11;Pillow.002;TRUE;LivingRoom
394;15;Desk;2.47;145.8;-24.4;-2.55;-1.79;0.3;-2.08;-1.38;0.56;LivingRoom;C3_11;Desk;TRUE;LivingRoom
395;16;Chair;3.18;96.3;-14.2;-0.75;-0.27;0.54;-0.27;0.14;0.8;LivingRoom;C3_11;Chair;TRUE;LivingRoom
396;17;Lamp;2.49;161.1;33.1;-3.14;-1.91;2.68;-2.66;-1.5;2.93;LivingRoom;C3_11;Lamp.009;TRUE;LivingRoom
397;18;Switch;1.35;331.8;-14.1;-4.44;1.23;0.98;-3.96;1.64;1.24;LivingRoom;C3_11;Switch.001;TRUE;LivingRoom
398;19;Lamp;3.44;62.1;21.9;-1;1.56;2.6;-0.52;1.98;2.86;LivingRoom;C3_11;Lamp.006;TRUE;LivingRoom
399;20;Desk;2.21;171.6;-28.5;-3.53;-1.85;0.26;-3.05;-1.44;0.52;LivingRoom;C3_11;Desk;TRUE;LivingRoom
400;21;Door;2.48;5.6;-11.6;-3.58;2.49;0.82;-3.1;2.9;1.08;LivingRoom;C3_11;Door;TRUE;LivingRoom
401;22;Computer;2.26;184.4;-8.7;-3.99;-2.16;0.97;-3.51;-1.74;1.23;LivingRoom;C3_11;TV.001;FALSE;LivingRoom
402;23;Lamp;3.33;125.2;22.6;-1.3;-1.7;2.6;-0.83;-1.29;2.86;LivingRoom;C3_11;Lamp.005;TRUE;LivingRoom
403;24;Lamp;3.74;66.2;19.3;-0.59;1.49;2.55;-0.11;1.91;2.81;LivingRoom;C3_11;Lamp.007;TRUE;LivingRoom
404;25;Pillow;3.2;52.7;-11.5;-1.32;1.97;0.68;-0.84;2.38;0.94;LivingRoom;C3_11;-;FALSE;LivingRoom
405;26;Shelf;1.42;128.8;-13.8;-2.74;-0.79;0.98;-2.26;-0.38;1.24;LivingRoom;C3_11;Shelf;TRUE;LivingRoom
406;27;Lamp;3.58;119.3;19.9;-0.88;-1.58;2.53;-0.4;-1.17;2.79;LivingRoom;C3_11;Lamp.004;TRUE;LivingRoom
407;1;Cabinet;1.23;51.40;-37.20;-2.90;-0.29;0.57;-2.71;-0.18;0.61;LivingRoom;C3_12;Cabinet.005;TRUE;LivingRoom
408;2;Computer;1.40;193.40;-14.30;-3.98;-2.23;0.97;-3.79;-2.11;1.01;LivingRoom;C3_12;TV.001;FALSE;LivingRoom
409;3;Cabinet;1.91;30.00;16.00;-2.75;0.69;1.84;-2.56;0.80;1.89;LivingRoom;C3_12;TV;FALSE;LivingRoom
410;4;Lamp;1.43;144.80;54.50;-3.18;-1.58;2.48;-3.00;-1.47;2.53;LivingRoom;C3_12;Lamp.009;TRUE;LivingRoom
411;5;Switch;2.20;341.30;-5.70;-4.37;1.17;1.10;-4.18;1.29;1.14;LivingRoom;C3_12;Switch.001;TRUE;LivingRoom
412;6;Switch;1.46;326.10;-10.10;-4.47;0.29;1.06;-4.28;0.41;1.10;LivingRoom;C3_12;Switch;TRUE;LivingRoom
413;7;Socket;1.97;339.30;-32.70;-4.25;0.65;0.25;-4.06;0.76;0.30;LivingRoom;C3_12;Socket;TRUE;LivingRoom
414;8;Lamp;2.84;105.60;27.20;-1.23;-1.58;2.61;-1.05;-1.47;2.66;LivingRoom;C3_12;Lamp.005;TRUE;LivingRoom
415;9;Door;3.58;2.00;-2.60;-3.54;2.67;1.15;-3.35;2.78;1.20;LivingRoom;C3_12;Door;TRUE;LivingRoom
416;10;Cabinet;1.31;48.30;-6.20;-2.69;-0.03;1.17;-2.50;0.08;1.22;LivingRoom;C3_12;Cabinet.012;TRUE;LivingRoom
417;11;Lamp;3.81;99.40;19.10;-0.11;-1.49;2.57;0.08;-1.38;2.61;LivingRoom;C3_12;Lamp.003;TRUE;LivingRoom
418;12;Door;2.66;351.30;-14.80;-4.05;1.64;0.64;-3.86;1.75;0.68;LivingRoom;C3_12;Door;TRUE;LivingRoom
419;1;Cabinet;1.05;158.50;27.30;-4.61;-0.85;1.80;-4.45;-1.02;1.89;Bathroom;C3_13;-;FALSE;Bathroom
420;2;Door;1.10;32.10;-5.90;-4.37;0.95;1.20;-4.21;0.78;1.29;Bathroom;C3_13;Door.003;TRUE;Bathroom
421;3;Toilet;1.12;239.40;-48.80;-5.59;-0.36;0.47;-5.43;-0.53;0.56;Bathroom;C3_13;Toilet;TRUE;Bathroom
422;4;Sink;1.11;160.30;-26.50;-4.62;-0.92;0.82;-4.46;-1.09;0.91;Bathroom;C3_13;Sink;TRUE;Bathroom
423;5;Washing Machine;1.68;221.70;0.90;-6.06;-1.23;1.34;-5.91;-1.40;1.43;Bathroom;C3_13;WashingMachine;TRUE;Bathroom
424;6;Washing Machine;1.58;220.00;-28.50;-5.84;-1.04;0.56;-5.69;-1.21;0.65;Bathroom;C3_13;WashingMachine.001;TRUE;Bathroom
425;7;Faucet;1.27;160.40;-19.10;-4.55;-1.12;0.90;-4.39;-1.29;0.99;Bathroom;C3_13;Faucet;TRUE;Bathroom
426;8;Lamp;1.08;231.40;60.30;-5.37;-0.32;2.25;-5.21;-0.49;2.35;Bathroom;C3_13;Lamp.010;TRUE;Bathroom
427;9;Door;2.95;355.50;-4.30;-5.18;2.95;1.09;-5.02;2.78;1.19;Bathroom;C3_13;Door.004;TRUE;Corridor
428;10;Lamp;1.33;209.80;48.50;-5.39;-0.75;2.31;-5.23;-0.92;2.40;Bathroom;C3_13;Lamp.011;TRUE;Bathroom
429;11;Door;3.32;1.20;-2.30;-4.88;3.33;1.18;-4.72;3.16;1.27;Bathroom;C3_13;Door.004;TRUE;Corridor
430;12;Lamp;1.89;195.10;31.50;-5.37;-1.53;2.30;-5.21;-1.71;2.39;Bathroom;C3_13;Lamp.013;TRUE;Bathroom
431;13;Lamp;1.61;200.40;38.70;-5.39;-1.16;2.32;-5.23;-1.33;2.42;Bathroom;C3_13;Lamp.012;TRUE;Bathroom
432;14;Lamp;1.55;353.50;41.70;-5.08;1.17;2.35;-4.93;1.00;2.44;Bathroom;C3_13;Lamp.023;TRUE;Corridor
433;15;Switch;2.29;358.00;-24.40;-5.02;2.10;0.37;-4.87;1.93;0.46;Bathroom;C3_13;-;FALSE;Corridor
434;16;Socket;2.18;10.50;-26.10;-4.59;1.95;0.35;-4.44;1.78;0.45;Bathroom;C3_13;Socket.006;TRUE;Corridor
435;17;Switch;1.03;139.10;-32.30;-4.38;-0.64;0.77;-4.23;-0.81;0.86;Bathroom;C3_13;Switch.002;TRUE;Bathroom
436;1;Toilet;0.97;297.60;-63.40;-5.72;-0.47;0.45;-5.56;-0.63;0.51;Bathroom;C3_14;Toilet;TRUE;Bathroom
437;2;Bathtub;1.32;181.60;-35.40;-5.36;-1.74;0.55;-5.21;-1.91;0.61;Bathroom;C3_14;Bathtub;TRUE;Bathroom
438;3;Mirror;1.11;117.70;27.20;-4.46;-1.13;1.82;-4.30;-1.29;1.88;Bathroom;C3_14;Mirror.003;TRUE;Bathroom
439;4;Washing Machine;1.12;227.60;-41.60;-5.95;-1.23;0.57;-5.80;-1.40;0.63;Bathroom;C3_14;WashingMachine.001;TRUE;Bathroom
440;5;Air Conditioning;1.03;340.40;54.40;-5.54;-0.10;2.15;-5.38;-0.27;2.21;Bathroom;C3_14;AirConditioning.001;TRUE;Bathroom
441;6;Lamp;0.83;328.60;76.10;-5.44;-0.50;2.12;-5.28;-0.66;2.18;Bathroom;C3_14;Lamp.010;TRUE;Bathroom
442;7;Lamp;0.84;205.90;78.00;-5.41;-0.83;2.14;-5.25;-0.99;2.20;Bathroom;C3_14;Lamp.011;TRUE;Bathroom
443;8;Door;3.30;1.60;-4.90;-5.24;2.62;1.03;-5.09;2.46;1.09;Bathroom;C3_14;Door.004;TRUE;Corridor
444;9;Switch;1.10;82.30;-30.50;-4.40;-0.54;0.76;-4.24;-0.71;0.82;Bathroom;C3_14;Switch.002;TRUE;Bathroom
445;10;Lamp;1.52;182.50;45.40;-5.38;-1.74;2.40;-5.22;-1.90;2.46;Bathroom;C3_14;Lamp.013;TRUE;Bathroom
446;11;Lamp;1.14;186.80;59.10;-5.40;-1.25;2.29;-5.25;-1.42;2.35;Bathroom;C3_14;Lamp.012;TRUE;Bathroom
447;12;Lamp;2.20;3.50;29.00;-5.22;1.25;2.38;-5.06;1.09;2.44;Bathroom;C3_14;Lamp.023;TRUE;Corridor
448;13;Sink;0.96;116.00;-35.70;-4.63;-1.01;0.75;-4.47;-1.18;0.81;Bathroom;C3_14;Sink;TRUE;Bathroom
449;14;Washing Machine;1.04;102.90;3.70;-4.32;-0.90;1.38;-4.16;-1.07;1.44;Bathroom;C3_14;-;FALSE;Bathroom
450;15;Faucet;1.17;122.30;-20.50;-4.41;-1.25;0.90;-4.25;-1.42;0.96;Bathroom;C3_14;-;FALSE;Bathroom
451;16;Faucet;1.12;111.80;-21.20;-4.36;-1.06;0.91;-4.20;-1.22;0.97;Bathroom;C3_14;Faucet;TRUE;Bathroom
452;17;Faucet;1.05;113.60;-26.00;-4.47;-1.04;0.86;-4.31;-1.21;0.91;Bathroom;C3_14;Faucet;TRUE;Bathroom
453;1;Bathtub;1.32;186.00;-45.80;-5.43;-2.02;0.37;-5.24;-2.30;0.87;Bathroom;C3_15;Bathtub;TRUE;Bathroom
454;2;Mirror;1.08;101.60;26.90;-4.39;-1.30;1.80;-4.20;-1.58;2.30;Bathroom;C3_15;Mirror.002;TRUE;Bathroom
455;3;Toilet;1.11;329.40;-51.40;-5.69;-0.51;0.45;-5.50;-0.79;0.95;Bathroom;C3_15;Toilet;TRUE;Bathroom
456;4;Lamp;0.80;334.30;78.70;-5.41;-0.96;2.10;-5.21;-1.25;2.60;Bathroom;C3_15;Lamp.011;TRUE;Bathroom
457;5;Lamp;0.86;202.00;76.50;-5.41;-1.29;2.15;-5.22;-1.57;2.65;Bathroom;C3_15;Lamp.012;TRUE;Bathroom
458;6;Faucet;1.15;81.50;-27.70;-4.33;-0.96;0.78;-4.14;-1.24;1.28;Bathroom;C3_15;Faucet;TRUE;Bathroom
459;7;Air Conditioning;1.27;352.70;40.60;-5.46;-0.15;2.14;-5.27;-0.43;2.64;Bathroom;C3_15;AirConditioning.001;TRUE;Bathroom
460;8;Sink;1.00;82.70;-36.00;-4.53;-1.00;0.73;-4.34;-1.28;1.22;Bathroom;C3_15;Sink;TRUE;Bathroom
461;9;Lamp;1.17;189.20;57.60;-5.44;-1.73;2.30;-5.25;-2.01;2.80;Bathroom;C3_15;Lamp.013;TRUE;Bathroom
462;10;Switch;1.23;355.60;-32.30;-5.42;-0.07;0.66;-5.22;-0.35;1.15;Bathroom;C3_15;Socket.002;TRUE;Bathroom
463;11;Lamp;1.05;352.10;58.60;-5.41;-0.56;2.21;-5.22;-0.84;2.71;Bathroom;C3_15;Lamp.010;TRUE;Bathroom
464;12;Laundry Rack;1.26;344.50;2.10;-5.67;0.11;1.36;-5.48;-0.17;1.86;Bathroom;C3_15;Heater.001;FALSE;Bathroom
465;13;Washing Machine;0.98;261.50;-49.80;-5.96;-1.20;0.57;-5.77;-1.48;1.06;Bathroom;C3_15;WashingMachine.001;TRUE;Bathroom
466;14;Mirror;2.56;16.50;-19.30;-4.65;1.21;0.47;-4.46;0.93;0.96;Bathroom;C3_15;-;FALSE;Bathroom
467;1;Sink;1.18;45.20;-29.20;-4.89;-1.21;0.94;-4.61;-1.19;1.16;Bathroom;C3_16;Sink;TRUE;Bathroom
468;2;Mirror;1.18;70.50;14.80;-4.54;-1.55;1.82;-4.26;-1.53;2.04;Bathroom;C3_16;Mirror.003;TRUE;Bathroom
469;3;Lamp;0.74;83.40;79.60;-5.49;-1.91;2.25;-5.20;-1.90;2.47;Bathroom;C3_16;Lamp.013;TRUE;Bathroom
470;4;Lamp;0.91;17.00;61.60;-5.50;-1.52;2.31;-5.21;-1.50;2.53;Bathroom;C3_16;Lamp.012;TRUE;Bathroom
471;5;Heater;1.57;353.80;-5.10;-5.79;-0.37;1.38;-5.51;-0.35;1.60;Bathroom;C3_16;Heater.001;TRUE;Bathroom
472;6;Lamp;1.52;4.10;32.10;-5.53;-0.65;2.32;-5.24;-0.63;2.54;Bathroom;C3_16;Lamp.010;TRUE;Bathroom
473;7;Air Conditioning;1.67;2.10;21.30;-5.57;-0.38;2.12;-5.28;-0.36;2.34;Bathroom;C3_16;AirConditioning.001;TRUE;Bathroom
474;8;Lamp;1.23;7.40;43.50;-5.51;-1.05;2.36;-5.22;-1.03;2.58;Bathroom;C3_16;Lamp.011;TRUE;Bathroom
475;9;Faucet;1.39;45.50;-21.10;-4.70;-1.02;1.02;-4.41;-1.00;1.24;Bathroom;C3_16;Faucet;TRUE;Bathroom
476;1;Bed;2.30;230.60;-24.30;-7.87;-0.21;0.37;-6.91;0.20;-0.70;Bedroom;C3_17;Bed;TRUE;Bedroom
477;2;Wardrobe;1.35;309.30;-5.60;-7.29;1.97;1.18;-6.33;2.38;0.12;Bedroom;C3_17;Wardrobe;TRUE;Bedroom
478;3;Door;1.15;169.20;-4.80;-6.04;-0.01;1.22;-5.08;0.40;0.16;Bedroom;C3_17;Door.002;TRUE;Bedroom
479;4;Window;3.41;262.70;4.40;-9.62;0.69;1.58;-8.66;1.10;0.51;Bedroom;C3_17;Window.004;TRUE;Bedroom
480;5;Window;3.92;235.00;5.10;-9.45;-1.12;1.67;-8.49;-0.71;0.60;Bedroom;C3_17;Window;TRUE;Bedroom
481;6;Heater;3.23;262.10;-17.40;-9.31;0.70;0.35;-8.35;1.10;-0.71;Bedroom;C3_17;Heater.002;TRUE;Bedroom
482;7;Rug;1.91;245.40;-38.10;-7.62;0.50;0.13;-6.66;0.90;-0.93;Bedroom;C3_17;Rug.006;TRUE;Bedroom
483;8;Sofa;3.63;80.10;-10.90;-2.74;1.74;0.63;-1.78;2.14;-0.43;Bedroom;C3_17;Sofa.001;TRUE;LivingRoom
484;9;Lamp;1.79;73.90;45.20;-5.04;1.47;2.59;-4.08;1.88;1.52;Bedroom;C3_17;Lamp.023;TRUE;Corridor
485;10;Door;2.14;96.90;-6.80;-4.14;0.87;1.06;-3.18;1.27;0.00;Bedroom;C3_17;Door.003;TRUE;Bathroom
486;11;Lamp;1.45;255.80;56.00;-7.04;0.92;2.51;-6.08;1.33;1.45;Bedroom;C3_17;Lamp.016;TRUE;Bedroom
487;12;Lamp;1.00;220.20;81.40;-6.35;1.01;2.30;-5.39;1.41;1.24;Bedroom;C3_17;Lamp.015;TRUE;Bedroom
488;13;Lamp;2.10;260.60;38.60;-7.87;0.86;2.62;-6.91;1.26;1.56;Bedroom;C3_17;Lamp.017;TRUE;Bedroom
489;14;Lamp;2.79;262.20;28.60;-8.68;0.79;2.65;-7.72;1.20;1.58;Bedroom;C3_17;Lamp.018;TRUE;Bedroom
490;15;Lamp;3.94;80.10;14.20;-2.49;1.78;2.28;-1.53;2.19;1.22;Bedroom;C3_17;Lamp;TRUE;LivingRoom
491;16;Window;4.25;83.20;2.80;-2.03;1.62;1.52;-1.07;2.03;0.46;Bedroom;C3_17;Window.001;TRUE;LivingRoom
492;17;Wardrobe;1.30;349.80;-11.30;-6.48;2.38;1.06;-5.52;2.78;0.00;Bedroom;C3_17;Wardrobe.001;TRUE;Bedroom
493;18;Cabinet;1.30;349.80;-11.20;-6.48;2.38;1.06;-5.52;2.78;0.00;Bedroom;C3_17;-;FALSE;Bedroom
494;19;Lamp;4.12;81.00;12.50;-2.27;1.75;2.21;-1.32;2.16;1.14;Bedroom;C3_17;Lamp.006;TRUE;LivingRoom
495;20;Lamp;2.30;221.40;25.60;-7.62;-0.43;2.31;-6.66;-0.02;1.24;Bedroom;C3_17;Lamp.020;TRUE;Bedroom
496;21;Switch;1.25;201.30;-25.70;-6.66;0.08;0.77;-5.70;0.48;-0.29;Bedroom;C3_17;-;FALSE;Bedroom
497;22;Lamp;4.26;81.40;11.50;-2.12;1.74;2.16;-1.16;2.15;1.10;Bedroom;C3_17;Lamp.007;TRUE;LivingRoom
498;23;Air Conditioning;1.08;86.50;63.50;-5.77;1.15;2.28;-4.81;1.56;1.22;Bedroom;C3_17;AirConditioning.002;TRUE;Bedroom
499;1;Window;2.39;270.4;7.1;-9.52;1.03;1.61;-9.61;0.89;1.35;Bedroom;C3_18;Window.004;TRUE;Bedroom
500;2;Window;2.81;233.4;7.5;-9.39;-0.65;1.68;-9.48;-0.78;1.42;Bedroom;C3_18;Window;TRUE;Bedroom
501;3;Bed;1.73;209.4;-32.1;-7.87;-0.27;0.39;-7.96;-0.4;0.14;Bedroom;C3_18;Bed;TRUE;Bedroom
502;4;Lamp;1.98;207.8;33.1;-7.93;-0.46;2.4;-8.02;-0.59;2.14;Bedroom;C3_18;Lamp.020;TRUE;Bedroom
503;5;Heater;2.28;269.2;-24.1;-9.23;0.98;0.39;-9.32;0.85;0.13;Bedroom;C3_18;Heater.002;TRUE;Bedroom
504;6;Rug;1.28;235.6;-58.9;-7.7;0.64;0.22;-7.79;0.5;-0.04;Bedroom;C3_18;Rug.006;TRUE;Bedroom
505;7;Wardrobe;1.31;325;-5.6;-7.9;2.08;1.19;-7.99;1.95;0.93;Bedroom;C3_18;Wardrobe;TRUE;Bedroom
506;8;Lamp;1.2;268.3;64.7;-7.67;1;2.4;-7.76;0.86;2.14;Bedroom;C3_18;Lamp.017;TRUE;Bedroom
507;9;Lamp;1.36;94.4;57.2;-6.42;0.95;2.45;-6.51;0.82;2.2;Bedroom;C3_18;Lamp.015;TRUE;Bedroom
508;10;Door;2.64;97.1;-5.4;-4.54;0.68;1.07;-4.63;0.55;0.81;Bedroom;C3_18;Door.003;TRUE;Bathroom
509;11;Lamp;1.74;270.2;43.9;-8.41;1.01;2.52;-8.5;0.88;2.27;Bedroom;C3_18;Lamp.018;TRUE;Bedroom
510;12;Lamp;0.91;111.7;84.6;-7.07;0.98;2.22;-7.16;0.84;1.96;Bedroom;C3_18;Lamp.016;TRUE;Bedroom
511;13;Lamp;3.3;215.1;-5.7;-9.04;-1.67;0.99;-9.13;-1.81;0.73;Bedroom;C3_18;-;FALSE;Bedroom
512;14;Wardrobe;1.2;28.6;-5.6;-6.58;2.06;1.2;-6.67;1.93;0.94;Bedroom;C3_18;Wardrobe;TRUE;Bedroom
513;15;Door;1.37;124.3;-6.3;-6.03;0.24;1.17;-6.12;0.11;0.91;Bedroom;C3_18;Door.002;TRUE;Bedroom
514;16;Nightstand;3.22;178.6;-15.7;-7.08;-2.08;0.44;-7.17;-2.22;0.19;Bedroom;C3_18;NightStand;TRUE;Bedroom
515;17;Curtain;1.73;62.5;-23.1;-5.74;1.75;0.64;-5.83;1.61;0.38;Bedroom;C3_18;-;FALSE;Bedroom
516;1;Window;1.68;268.00;8.90;-9.62;0.93;1.57;-9.49;0.77;1.44;Bedroom;C3_19;Window.004;TRUE;Bedroom
517;2;Window;2.24;219.50;8.20;-9.37;-0.72;1.64;-9.25;-0.89;1.50;Bedroom;C3_19;Window;TRUE;Bedroom
518;3;Wardrobe;1.23;35.10;-6.20;-7.25;1.99;1.18;-7.13;1.83;1.05;Bedroom;C3_19;Wardrobe;TRUE;Bedroom
519;4;Lamp;1.80;182.70;35.40;-8.03;-0.48;2.36;-7.90;-0.64;2.23;Bedroom;C3_19;Lamp.020;TRUE;Bedroom
520;5;Door;2.10;107.00;-4.90;-5.96;0.38;1.14;-5.84;0.21;1.00;Bedroom;C3_19;Door.002;TRUE;Bedroom
521;6;Lamp;1.11;265.60;67.40;-8.38;0.96;2.34;-8.26;0.79;2.20;Bedroom;C3_19;Lamp.018;TRUE;Bedroom
522;7;Lamp;0.94;106.30;81.10;-7.82;0.95;2.25;-7.70;0.78;2.11;Bedroom;C3_19;Lamp.017;TRUE;Bedroom
523;8;Lamp;1.38;94.60;54.90;-7.16;0.93;2.45;-7.04;0.76;2.31;Bedroom;C3_19;Lamp.016;TRUE;Bedroom
524;9;Nightstand;2.76;198.20;-13.80;-8.79;-1.55;0.66;-8.67;-1.72;0.52;Bedroom;C3_19;NightStand.001;TRUE;Bedroom
525;10;Bed;2.10;180.00;-19.60;-7.96;-0.99;0.61;-7.84;-1.16;0.48;Bedroom;C3_19;Bed;TRUE;Bedroom
526;11;Nightstand;2.75;163.10;-13.10;-7.18;-1.57;0.69;-7.06;-1.73;0.56;Bedroom;C3_19;NightStand;TRUE;Bedroom
527;12;Lamp;1.99;92.50;38.90;-6.41;0.92;2.56;-6.29;0.76;2.43;Bedroom;C3_19;Lamp.015;TRUE;Bedroom
528;13;Heater;1.53;267.50;-37.50;-9.17;0.94;0.38;-9.05;0.77;0.25;Bedroom;C3_19;Heater.002;TRUE;Bedroom
529;14;Painting;2.97;181.50;10.20;-8.03;-1.94;1.84;-7.91;-2.10;1.70;Bedroom;C3_19;Painting;TRUE;Bedroom
530;15;Sofa;3.34;84.90;-6.60;-4.65;1.29;0.93;-4.53;1.12;0.79;Bedroom;C3_19;Sofa.001;TRUE;LivingRoom
531;16;Air Conditioning;2.35;88.70;25.90;-5.84;1.04;2.34;-5.72;0.87;2.21;Bedroom;C3_19;AirConditioning.002;TRUE;Bedroom
532;17;Wardrobe;1.25;331.40;-5.90;-8.55;2.08;1.19;-8.43;1.91;1.05;Bedroom;C3_19;Wardrobe;TRUE;Bedroom
533;18;Lamp;2.76;159.70;-5.90;-7.01;-1.59;1.03;-6.88;-1.75;0.89;Bedroom;C3_19;-;FALSE;Bedroom
534;19;Bed;1.37;180.40;-45.20;-7.96;0.03;0.34;-7.84;-0.14;0.21;Bedroom;C3_19;Table.002;FALSE;Bedroom
535;20;Lamp;2.80;201.80;-7.00;-8.99;-1.59;0.97;-8.87;-1.75;0.84;Bedroom;C3_19;-;FALSE;Bedroom
536;21;Switch;2.48;76.50;-4.40;-5.56;1.57;1.12;-5.44;1.40;0.99;Bedroom;C3_19;Switch.004;TRUE;Bedroom
537;1;Rug;1.34;61.8;-56.9;-8.18;0.66;0.19;-7.93;0.54;0.05;Bedroom;C3_20;Rug.006;TRUE;Bedroom
538;2;Window;1.05;304.8;8.8;-9.68;0.9;1.48;-9.43;0.79;1.34;Bedroom;C3_20;Window.004;TRUE;Bedroom
539;3;Bed;1.29;137;-39.9;-8.15;-0.41;0.49;-7.9;-0.53;0.35;Bedroom;C3_20;Bed;TRUE;Bedroom
540;4;Lamp;1.6;140.6;42.8;-8.08;-0.6;2.4;-7.83;-0.71;2.26;Bedroom;C3_20;Lamp.020;TRUE;Bedroom
541;5;Nightstand;2.09;181.3;-21.2;-8.87;-1.63;0.56;-8.62;-1.75;0.42;Bedroom;C3_20;NightStand.001;TRUE;Bedroom
542;6;Lamp;2.92;136.2;-6.4;-6.82;-1.78;0.99;-6.57;-1.89;0.85;Bedroom;C3_20;-;FALSE;Bedroom
543;7;Lamp;1.23;29;60.6;-8.53;0.84;2.39;-8.29;0.72;2.25;Bedroom;C3_20;Lamp.018;TRUE;Bedroom
544;8;Lamp;1.63;58.5;45.9;-7.86;0.9;2.48;-7.61;0.79;2.34;Bedroom;C3_20;Lamp.017;TRUE;Bedroom
545;9;Wardrobe;1.86;30.3;-5.9;-7.89;1.91;1.13;-7.64;1.79;0.99;Bedroom;C3_20;Wardrobe;TRUE;Bedroom
546;10;Window;1.42;206.7;8.1;-9.45;-0.94;1.52;-9.21;-1.06;1.38;Bedroom;C3_20;Window.003;TRUE;Bedroom
547;11;Nightstand;2.91;141.4;-12.7;-7.05;-1.91;0.67;-6.81;-2.02;0.54;Bedroom;C3_20;NightStand;TRUE;Bedroom
548;12;Lamp;2.73;74.2;27.3;-6.49;0.97;2.57;-6.24;0.86;2.43;Bedroom;C3_20;Lamp.015;TRUE;Bedroom
549;13;Lamp;2.2;69.2;34.5;-7.13;0.96;2.56;-6.88;0.84;2.42;Bedroom;C3_20;Lamp.016;TRUE;Bedroom
550;14;Window;1.8;196.8;9.7;-9.34;-1.39;1.62;-9.09;-1.5;1.48;Bedroom;C3_20;Window;TRUE;Bedroom
551;15;Air Conditioning;3.15;74.3;19.5;-5.96;1.12;2.37;-5.72;1;2.23;Bedroom;C3_20;AirConditioning.002;TRUE;Bedroom
552;16;Laundry Rack;0.99;322.7;-55.9;-9.16;0.75;0.5;-8.91;0.64;0.36;Bedroom;C3_20;Heater.002;FALSE;Bedroom
553;17;Heater;0.99;322.8;-55.8;-9.16;0.75;0.5;-8.91;0.64;0.36;Bedroom;C3_20;Heater.002;TRUE;Bedroom
554;18;Lamp;2.94;141.6;-9.3;-7.02;-1.96;0.84;-6.78;-2.08;0.7;Bedroom;C3_20;Lamp.019;TRUE;Bedroom
555;1;Nightstand;1.52;176.8;-30.7;-8.86;-1.86;0.54;-8.66;-1.94;0.71;Bedroom;C3_21;NightStand.001;TRUE;Bedroom
556;2;Lamp;1.36;99.1;51.3;-8.1;-0.69;2.37;-7.9;-0.78;2.55;Bedroom;C3_21;Lamp.020;TRUE;Bedroom
557;3;Window;1.05;220.2;7.4;-9.61;-1.35;1.45;-9.41;-1.43;1.62;Bedroom;C3_21;Window;TRUE;Bedroom
558;4;Air Conditioning;3.42;58.3;16.9;-6.16;1.17;2.31;-5.96;1.08;2.48;Bedroom;C3_21;AirConditioning.002;TRUE;Bedroom
559;5;Lamp;2.51;127.2;-11.4;-6.98;-2.04;0.82;-6.78;-2.13;0.99;Bedroom;C3_21;Lamp.019;TRUE;Bedroom
560;6;Window;0.82;297.6;7.4;-9.66;-0.18;1.42;-9.46;-0.27;1.59;Bedroom;C3_21;Window.003;TRUE;Bedroom
561;7;Lamp;1.93;16.2;38.3;-8.51;0.9;2.51;-8.31;0.82;2.68;Bedroom;C3_21;Lamp.018;TRUE;Bedroom
562;8;Lamp;3.09;57.8;23.4;-6.53;0.96;2.54;-6.33;0.87;2.72;Bedroom;C3_21;Lamp.015;TRUE;Bedroom
563;9;Bed;1;100.7;-45.3;-8.25;-0.68;0.61;-8.05;-0.77;0.78;Bedroom;C3_21;Bed;TRUE;Bedroom
564;10;Lamp;2.67;49.7;27.9;-7.14;0.97;2.56;-6.94;0.89;2.73;Bedroom;C3_21;Lamp.016;TRUE;Bedroom
565;11;Painting;2.33;150.5;15.4;-7.83;-2.51;1.94;-7.63;-2.6;2.11;Bedroom;C3_21;Painting;TRUE;Bedroom
566;12;Nightstand;2.35;126.7;-15.2;-7.12;-1.91;0.7;-6.92;-2;0.87;Bedroom;C3_21;NightStand;TRUE;Bedroom
567;13;Lamp;2.24;36.7;33.2;-7.82;0.95;2.54;-7.62;0.86;2.72;Bedroom;C3_21;Lamp.017;TRUE;Bedroom
568;14;Window;1.15;347.8;3.2;-9.18;0.56;1.38;-8.98;0.48;1.55;Bedroom;C3_21;Window.004;TRUE;Bedroom
569;15;Cabinet;2.42;24.3;-17.6;-7.99;1.55;0.58;-7.78;1.46;0.75;Bedroom;C3_21;Wardrobe;FALSE;Bedroom
570;16;Lamp;2.6;120.2;-8.3;-6.71;-1.85;0.94;-6.51;-1.93;1.11;Bedroom;C3_21;-;FALSE;Bedroom
571;1;Window;0.88;304.50;6.80;-9.67;-0.96;1.42;-9.41;-0.71;1.24;Bedroom;C3_22;Window;TRUE;Bedroom
572;2;Lamp;1.43;48.40;45.00;-8.19;-0.79;2.32;-7.94;-0.53;2.15;Bedroom;C3_22;Lamp.020;TRUE;Bedroom
573;3;Bed;1.09;83.70;-44.20;-8.17;-1.37;0.56;-7.92;-1.12;0.38;Bedroom;C3_22;Bed;TRUE;Bedroom
574;4;Socket;2.53;4.70;-25.20;-8.76;0.82;0.24;-8.50;1.08;0.06;Bedroom;C3_22;-;FALSE;Bedroom
575;5;Lamp;2.11;105.90;-14.70;-6.98;-2.02;0.78;-6.73;-1.76;0.61;Bedroom;C3_22;Lamp.019;TRUE;Bedroom
576;6;Wardrobe;3.05;18.10;-2.40;-8.00;1.44;1.19;-7.75;1.70;1.01;Bedroom;C3_22;Wardrobe;TRUE;Bedroom
577;7;Lamp;2.79;23.10;25.30;-7.96;0.86;2.51;-7.70;1.12;2.33;Bedroom;C3_22;Lamp.017;TRUE;Bedroom
578;8;Lamp;2.61;8.40;26.90;-8.61;0.85;2.50;-8.35;1.10;2.32;Bedroom;C3_22;Lamp.018;TRUE;Bedroom
579;9;Lamp;3.04;34.80;23.00;-7.35;0.84;2.50;-7.10;1.10;2.32;Bedroom;C3_22;Lamp.016;TRUE;Bedroom
580;10;Socket;1.09;357.60;-53.70;-8.97;-0.81;0.43;-8.72;-0.55;0.26;Bedroom;C3_22;-;FALSE;Bedroom
581;11;Shelf;2.39;358.20;19.40;-9.02;0.79;2.11;-8.76;1.05;1.93;Bedroom;C3_22;-;FALSE;Bedroom
582;12;Socket;1.11;195.90;-27.50;-9.22;-2.40;0.80;-8.96;-2.15;0.63;Bedroom;C3_22;Socket.004;TRUE;Bedroom
583;1;Window;2.33;283.90;6.60;-9.36;0.88;1.58;-9.29;0.90;1.23;Bedroom;C3_23;Window.004;TRUE;Bedroom
584;2;Heater;2.21;287.80;-23.30;-9.04;0.95;0.44;-8.98;0.96;0.09;Bedroom;C3_23;Heater.002;TRUE;Bedroom
585;3;Window;2.44;244.00;6.00;-9.28;-0.74;1.57;-9.22;-0.72;1.22;Bedroom;C3_23;Window;TRUE;Bedroom
586;4;Lamp;1.60;217.80;37.50;-7.88;-0.67;2.29;-7.82;-0.66;1.94;Bedroom;C3_23;Lamp.020;TRUE;Bedroom
587;5;Nightstand;2.26;176.80;-24.50;-6.99;-1.73;0.38;-6.92;-1.71;0.03;Bedroom;C3_23;NightStand;TRUE;Bedroom
588;6;Wardrobe;1.80;332.60;-1.90;-7.93;1.92;1.26;-7.87;1.94;0.91;Bedroom;C3_23;Wardrobe;TRUE;Bedroom
589;7;Lamp;1.11;7.00;67.30;-7.05;0.75;2.34;-6.99;0.77;1.99;Bedroom;C3_23;Lamp.016;TRUE;Bedroom
590;8;Lamp;1.31;54.30;54.20;-6.48;0.77;2.37;-6.42;0.79;2.02;Bedroom;C3_23;Lamp.015;TRUE;Bedroom
591;9;Lamp;1.35;309.60;56.50;-7.68;0.80;2.44;-7.61;0.82;2.09;Bedroom;C3_23;Lamp.017;TRUE;Bedroom
592;10;Lamp;1.82;291.60;40.90;-8.39;0.83;2.51;-8.32;0.85;2.16;Bedroom;C3_23;Lamp.018;TRUE;Bedroom
593;11;Door;2.96;62.50;-2.70;-4.48;1.69;1.17;-4.42;1.71;0.82;Bedroom;C3_23;Door;TRUE;LivingRoom
594;12;Wardrobe;1.64;19.80;-1.80;-6.55;1.87;1.26;-6.48;1.89;0.91;Bedroom;C3_23;Wardrobe;TRUE;Bedroom
595;13;Lamp;2.43;175.10;-12.70;-6.90;-2.03;0.78;-6.84;-2.02;0.43;Bedroom;C3_23;Lamp.019;TRUE;Bedroom
596;14;Bed;1.13;225.80;-41.70;-7.71;-0.26;0.57;-7.64;-0.24;0.21;Bedroom;C3_23;Bed;TRUE;Bedroom
597;15;Lamp;1.20;358.90;67.30;-7.11;0.79;2.42;-7.05;0.81;2.07;Bedroom;C3_23;Lamp.016;TRUE;Bedroom
598;16;Rug;1.22;303.20;-57.30;-7.65;0.68;0.29;-7.59;0.70;-0.06;Bedroom;C3_23;Rug.006;TRUE;Bedroom
599;1;Nightstand;1.67;178.00;-34.30;-6.93;-1.92;0.37;-7.22;-1.90;0.38;Bedroom;C3_24;NightStand;"TRUE	";Bedroom
600;2;Window;2.49;264.50;6.60;-9.43;-0.78;1.60;-9.73;-0.76;1.61;Bedroom;C3_24;Window;"TRUE	";Bedroom
601;3;Window;2.68;301.90;7.10;-9.24;0.87;1.65;-9.53;0.88;1.66;Bedroom;C3_24;Window.004;"TRUE	";Bedroom
602;4;Lamp;1.36;253.80;48.40;-7.84;-0.79;2.33;-8.14;-0.78;2.34;Bedroom;C3_24;Lamp.020;"TRUE	";Bedroom
603;5;Bed;0.96;261.30;-48.30;-7.60;-0.64;0.60;-7.90;-0.62;0.61;Bedroom;C3_24;Bed;"TRUE	";Bedroom
604;6;Heater;2.54;304.90;-18.20;-8.95;0.84;0.52;-9.25;0.85;0.53;Bedroom;C3_24;Heater.002;"TRUE	";Bedroom
605;7;Lamp;1.96;332.40;39.20;-7.68;0.81;2.55;-7.98;0.83;2.56;Bedroom;C3_24;Lamp.017;"TRUE	";Bedroom
606;8;Lamp;2.28;314.20;32.80;-8.35;0.80;2.55;-8.65;0.81;2.56;Bedroom;C3_24;Lamp.018;"TRUE	";Bedroom
607;9;Lamp;1.86;357.20;42.70;-7.04;0.83;2.58;-7.34;0.84;2.59;Bedroom;C3_24;Lamp.016;"TRUE	";Bedroom
608;10;Socket;1.68;354.70;-38.60;-7.10;0.77;0.27;-7.39;0.78;0.27;Bedroom;C3_24;-;FALSE;Bedroom
609;11;Cabinet;2.45;339.10;-16.40;-7.81;1.65;0.62;-8.11;1.67;0.63;Bedroom;C3_24;Wardrobe;FALSE;Bedroom
610;12;Lamp;1.80;0.50;42.70;-6.96;0.78;2.54;-7.26;0.80;2.55;Bedroom;C3_24;Lamp.016;"TRUE	";Bedroom
611;1;Lamp;1.36;300.50;47.30;-7.75;-0.96;2.32;-8.03;-0.77;2.06;Bedroom;C3_25;Lamp.020;TRUE;Bedroom
612;2;Window;2.37;284.20;6.30;-9.24;-0.85;1.58;-9.53;-0.66;1.32;Bedroom;C3_25;Window;TRUE;Bedroom
613;3;Window;2.90;316.30;6.80;-8.95;0.65;1.66;-9.23;0.84;1.40;Bedroom;C3_25;Window.004;TRUE;Bedroom
614;4;Heater;2.72;318.90;-15.10;-8.68;0.55;0.61;-8.96;0.74;0.35;Bedroom;C3_25;Heater.002;TRUE;Bedroom
615;5;Cabinet;3.05;344.00;-0.50;-7.80;1.50;1.29;-8.08;1.69;1.03;Bedroom;C3_25;Wardrobe;FALSE;Bedroom
616;6;Lamp;2.51;343.20;29.30;-7.59;0.67;2.54;-7.87;0.86;2.29;Bedroom;C3_25;Lamp.017;TRUE;Bedroom
617;7;Lamp;2.70;328.50;26.60;-8.22;0.63;2.52;-8.50;0.82;2.26;Bedroom;C3_25;Lamp.018;TRUE;Bedroom
618;8;Lamp;2.49;359.20;30.50;-6.99;0.72;2.58;-7.27;0.91;2.32;Bedroom;C3_25;Lamp.016;TRUE;Bedroom
619;9;Nightstand;1.08;173.90;-52.10;-6.89;-2.09;0.46;-7.17;-1.90;0.20;Bedroom;C3_25;NightStand;TRUE;Bedroom
620;10;Lamp;2.28;1.20;30.50;-6.92;0.54;2.47;-7.20;0.72;2.22;Bedroom;C3_25;Lamp.016;TRUE;Bedroom
621;11;Bed;0.97;267.50;-50.60;-7.57;-1.45;0.57;-7.85;-1.27;0.31;Bedroom;C3_25;Bed;TRUE;Bedroom
622;12;Socket;2.10;254.20;-6.70;-8.97;-2.00;1.07;-9.25;-1.81;0.81;Bedroom;C3_25;Socket.004;TRUE;Bedroom
623;13;Painting;1.62;218.80;16.70;-7.93;-2.63;1.78;-8.21;-2.45;1.52;Bedroom;C3_25;Painting;TRUE;Bedroom
624;1;Bed;1.47;177.50;-47.10;-7.92;-0.84;0.64;-7.85;-0.94;0.53;Bedroom;C3_26;Bed;TRUE;Bedroom
625;2;Heater;1.65;301.90;-45.60;-8.94;0.77;0.53;-8.87;0.67;0.43;Bedroom;C3_26;Heater.002;TRUE;Bedroom
626;3;Window;1.81;295.80;-7.00;-9.58;0.94;1.49;-9.51;0.84;1.39;Bedroom;C3_26;Window.004;TRUE;Bedroom
627;4;Window;1.92;237.00;-8.90;-9.55;-0.87;1.42;-9.48;-0.97;1.31;Bedroom;C3_26;Window;TRUE;Bedroom
628;5;Lamp;1.20;182.80;35.40;-8.01;-0.82;2.41;-7.94;-0.92;2.30;Bedroom;C3_26;Lamp.020;TRUE;Bedroom
629;6;Wardrobe;1.96;25.20;-13.80;-7.15;1.88;1.25;-7.08;1.78;1.14;Bedroom;C3_26;Wardrobe;TRUE;Bedroom
630;7;Nightstand;2.31;202.20;-30.90;-8.71;-1.68;0.53;-8.64;-1.77;0.42;Bedroom;C3_26;NightStand.001;TRUE;Bedroom
631;8;Lamp;1.32;324.60;43.10;-8.52;0.94;2.62;-8.45;0.84;2.51;Bedroom;C3_26;Lamp.018;TRUE;Bedroom
632;9;Lamp;1.26;17.00;47.80;-7.71;0.97;2.65;-7.65;0.87;2.54;Bedroom;C3_26;Lamp.017;TRUE;Bedroom
633;10;Wardrobe;1.91;342.30;-13.90;-8.52;1.93;1.25;-8.46;1.83;1.15;Bedroom;C3_26;Wardrobe;TRUE;Bedroom
634;11;Lamp;1.64;51.80;35.50;-6.91;0.99;2.67;-6.84;0.89;2.56;Bedroom;C3_26;Lamp.016;TRUE;Bedroom
635;12;Nightstand;2.25;156.30;-29.60;-7.17;-1.63;0.60;-7.11;-1.73;0.50;Bedroom;C3_26;NightStand;TRUE;Bedroom
636;13;Lamp;2.20;65.50;25.60;-6.15;0.98;2.67;-6.09;0.88;2.56;Bedroom;C3_26;Lamp.015;TRUE;Bedroom
637;14;Door;4.32;65.00;-7.00;-4.07;1.97;1.18;-4.01;1.87;1.08;Bedroom;C3_26;Door;TRUE;LivingRoom
638;15;Switch;2.81;57.60;-11.90;-5.63;1.64;1.14;-5.57;1.54;1.03;Bedroom;C3_26;Switch.004;TRUE;Bedroom
639;16;Air Conditioning;2.54;67.40;15.60;-5.70;1.10;2.40;-5.63;1.00;2.29;Bedroom;C3_26;AirConditioning.002;TRUE;Bedroom
640;17;Lamp;2.44;151.00;-25.70;-6.89;-1.76;0.66;-6.83;-1.86;0.55;Bedroom;C3_26;-;FALSE;Bedroom
641;18;Lamp;2.44;156.40;-23.60;-7.06;-1.89;0.74;-7.00;-1.99;0.63;Bedroom;C3_26;Lamp.019;TRUE;Bedroom
642;1;Wardrobe;2.99;349.3;-14.3;-8.53;1.4;1.19;-7.9;2.1;0.56;Bedroom;C3_27;Wardrobe;TRUE;Bedroom
643;2;Heater;2.33;330.8;-34.6;-8.93;0.22;0.62;-8.3;0.92;-0.01;Bedroom;C3_27;Heater.002;TRUE;Bedroom
644;3;Wardrobe;2.91;13.3;-14;-7.34;1.3;1.23;-6.71;2;0.6;Bedroom;C3_27;Wardrobe;TRUE;Bedroom
645;4;Window;1.76;283.7;-14.9;-9.64;-1.05;1.48;-9.02;-0.35;0.85;Bedroom;C3_27;Window;TRUE;Bedroom
646;5;Window;2.52;327.1;-11;-9.34;0.62;1.45;-8.71;1.32;0.82;Bedroom;C3_27;Window.004;TRUE;Bedroom
647;6;Lamp;0.83;16.4;45;-7.83;-0.89;2.52;-7.2;-0.19;1.89;Bedroom;C3_27;Lamp.020;TRUE;Bedroom
648;7;Lamp;2.61;20.4;14;-7.11;0.92;2.57;-6.48;1.62;1.94;Bedroom;C3_27;Lamp.016;TRUE;Bedroom
649;8;Socket;1.67;232.4;-35;-9.08;-2.29;0.97;-8.45;-1.59;0.34;Bedroom;C3_27;Socket.004;TRUE;Bedroom
650;9;Lamp;2.47;3.6;14.5;-7.84;0.93;2.56;-7.21;1.64;1.93;Bedroom;C3_27;Lamp.017;TRUE;Bedroom
651;10;Lamp;2.52;345.4;13.8;-8.61;0.91;2.54;-7.98;1.62;1.91;Bedroom;C3_27;Lamp.018;TRUE;Bedroom
652;11;Socket;2.44;359.1;-41.6;-8.02;0.37;0.31;-7.39;1.07;-0.32;Bedroom;C3_27;-;FALSE;Bedroom
653;12;Switch;1.67;232.4;-35;-9.08;-2.29;0.97;-8.45;-1.59;0.34;Bedroom;C3_27;Switch.006;TRUE;Bedroom
654;13;Lamp;0.82;345.2;47.5;-8.13;-0.92;2.54;-7.51;-0.22;1.91;Bedroom;C3_27;Lamp.020;TRUE;Bedroom
655;1;Rug;1.30;148.50;-58.10;-8.27;0.67;0.21;-7.73;0.29;-0.35;Bedroom;C3_28;Rug.006;TRUE;Bedroom
656;2;Wardrobe;1.01;46.80;0.90;-7.90;1.95;1.33;-7.36;1.57;0.77;Bedroom;C3_28;Wardrobe;TRUE;Bedroom
657;3;Window;1.22;260.90;12.90;-9.80;1.07;1.59;-9.27;0.69;1.03;Bedroom;C3_28;Window.004;TRUE;Bedroom
658;4;Lamp;2.24;173.60;26.30;-8.41;-0.73;2.31;-7.87;-1.11;1.75;Bedroom;C3_28;Lamp.020;TRUE;Bedroom
659;5;Door;3.19;107.10;-3.50;-5.59;0.32;1.12;-5.05;-0.06;0.56;Bedroom;C3_28;Door.003;TRUE;LivingRoom
660;6;Door;2.78;117.90;-6.20;-6.19;-0.04;1.02;-5.66;-0.41;0.46;Bedroom;C3_28;Door.002;TRUE;Bedroom
661;7;Window;2.42;206.10;4.80;-9.69;-0.90;1.52;-9.15;-1.28;0.96;Bedroom;C3_28;Window;TRUE;Bedroom
662;8;Lamp;1.09;166.90;68.40;-8.54;0.87;2.33;-8.00;0.49;1.77;Bedroom;C3_28;Lamp.018;TRUE;Bedroom
663;9;Nightstand;2.92;195.90;-18.90;-9.39;-1.40;0.37;-8.85;-1.78;-0.19;Bedroom;C3_28;NightStand.001;TRUE;Bedroom
664;10;Lamp;1.44;126.90;51.10;-7.91;0.72;2.43;-7.37;0.34;1.87;Bedroom;C3_28;Lamp.017;TRUE;Bedroom
665;11;Window;4.03;100.60;2.20;-4.68;0.52;1.47;-4.14;0.14;0.91;Bedroom;C3_28;Window.001;TRUE;LivingRoom
666;12;Lamp;2.02;115.90;36.80;-7.18;0.55;2.52;-6.64;0.17;1.96;Bedroom;C3_28;Lamp.016;TRUE;Bedroom
667;13;Lamp;2.58;111.00;27.90;-6.50;0.44;2.52;-5.97;0.06;1.96;Bedroom;C3_28;Lamp.015;TRUE;Bedroom
668;14;Bed;2.36;168.30;-18.80;-8.18;-0.93;0.55;-7.64;-1.31;-0.01;Bedroom;C3_28;Bed;TRUE;Bedroom
669;15;Switch;2.89;94.40;-2.10;-5.75;1.04;1.21;-5.21;0.66;0.65;Bedroom;C3_28;Switch.004;TRUE;Bedroom
670;16;Air Conditioning;0.94;336.30;75.20;-8.73;1.48;2.22;-8.19;1.10;1.66;Bedroom;C3_28;-;FALSE;Bedroom
671;1;Cabinet;1.86;264.60;-28.20;-7.60;2.74;0.44;-7.72;2.99;0.45;Kitchen;C3_29;Table.003;FALSE;Kitchen
672;2;Window;3.58;284.50;6.80;-9.41;3.78;1.74;-9.52;4.03;1.75;Kitchen;C3_29;Window.006;TRUE;Kitchen
673;3;Shelf;1.56;260.60;25.60;-7.36;2.67;1.99;-7.48;2.92;2.00;Kitchen;C3_29;Shelf.003;TRUE;Kitchen
674;4;Door;2.39;47.50;-4.10;-4.21;4.50;1.14;-4.33;4.75;1.16;Kitchen;C3_29;-;FALSE;Corridor
675;5;Door;2.16;81.20;-6.10;-3.84;3.23;1.08;-3.96;3.48;1.10;Kitchen;C3_29;Door.005;TRUE;Corridor
676;6;Window;3.87;127.10;-0.60;-2.88;0.56;1.27;-2.99;0.81;1.29;Kitchen;C3_29;Window.002;TRUE;LivingRoom
677;7;Switch;1.11;166.90;-26.70;-5.74;1.93;0.82;-5.86;2.18;0.83;Kitchen;C3_29;Switch.009;TRUE;Kitchen
678;8;Lamp;1.49;69.00;53.20;-5.13;3.21;2.51;-5.25;3.46;2.52;Kitchen;C3_29;Lamp.029;TRUE;Corridor
679;9;Chair;4.30;127.40;-11.20;-2.62;0.34;0.48;-2.74;0.59;0.49;Kitchen;C3_29;Chair;TRUE;LivingRoom
680;10;Air Conditioning;1.18;21.40;68.60;-5.81;3.29;2.41;-5.93;3.54;2.42;Kitchen;C3_29;AirConditioning.003;TRUE;Kitchen
681;11;Lamp;1.99;269.80;40.60;-7.47;2.89;2.61;-7.59;3.14;2.62;Kitchen;C3_29;Lamp.024;TRUE;Kitchen
682;12;Shelf;1.42;111.80;53.70;-5.18;2.58;2.46;-5.30;2.83;2.47;Kitchen;C3_29;-;FALSE;Corridor
683;13;Desk;4.45;131.10;-10.00;-2.66;0.01;0.54;-2.78;0.26;0.56;Kitchen;C3_29;Table;FALSE;LivingRoom
684;14;Lamp;3.43;290.40;23.60;-8.91;3.99;2.69;-9.03;4.24;2.71;Kitchen;C3_29;Lamp.026;TRUE;Kitchen
685;15;Cabinet;3.06;284.50;-15.20;-8.83;3.63;0.51;-8.95;3.88;0.52;Kitchen;C3_29;Cabinet.010;TRUE;Kitchen
686;1;Cabinet;1.99;326.40;24.90;-7.85;4.42;2.15;-7.94;4.50;2.11;Kitchen;C3_30;Cabinet.013;TRUE;Kitchen
687;2;Cabinet;2.22;303.10;-26.30;-8.52;4.00;0.33;-8.60;4.08;0.29;Kitchen;C3_30;Cabinet.010;TRUE;Kitchen
688;3;Clock;1.20;44.40;47.10;-6.28;3.50;2.20;-6.37;3.59;2.15;Kitchen;C3_30;Clock.001;TRUE;Kitchen
689;4;Window;2.83;279.90;8.20;-9.61;3.40;1.72;-9.70;3.49;1.67;Kitchen;C3_30;Window.006;TRUE;Kitchen
690;5;Oven;1.73;324.40;-28.00;-7.74;4.16;0.50;-7.83;4.25;0.45;Kitchen;C3_30;Oven;TRUE;Kitchen
691;6;Lamp;1.15;254.40;64.20;-7.33;2.78;2.35;-7.42;2.87;2.31;Kitchen;C3_30;Lamp.024;TRUE;Kitchen
692;7;Lamp;1.51;320.10;51.10;-7.46;3.65;2.49;-7.55;3.73;2.45;Kitchen;C3_30;Lamp.027;TRUE;Kitchen
693;8;Kettle;1.82;351.20;-7.40;-7.13;4.70;1.08;-7.22;4.79;1.04;Kitchen;C3_30;Kettle;TRUE;Kitchen
694;9;Lamp;2.17;74.50;34.70;-5.13;3.39;2.55;-5.22;3.48;2.51;Kitchen;C3_30;Lamp.029;TRUE;Corridor
695;10;Door;2.82;77.90;-8.00;-4.12;3.50;0.92;-4.21;3.59;0.87;Kitchen;C3_30;Door.005;TRUE;Corridor
696;11;Lamp;2.15;262.90;32.10;-8.66;2.69;2.45;-8.74;2.78;2.41;Kitchen;C3_30;Lamp.025;TRUE;Kitchen
697;12;Lamp;2.47;289.10;30.70;-8.86;3.61;2.57;-8.94;3.70;2.53;Kitchen;C3_30;Lamp.026;TRUE;Kitchen
698;13;Switch;1.50;111.70;-12.60;-5.49;2.37;0.99;-5.58;2.46;0.94;Kitchen;C3_30;Switch.009;TRUE;Kitchen
699;14;Socket;2.27;259.20;-5.30;-9.07;2.50;1.10;-9.16;2.58;1.06;Kitchen;C3_30;Socket.007;TRUE;Kitchen
700;15;Alarm Sensor;1.54;65.50;45.70;-5.87;3.36;2.42;-5.96;3.45;2.37;Kitchen;C3_30;AirConditioning.003;FALSE;Kitchen
701;16;Faucet;2.66;288.00;-2.70;-9.38;3.74;1.19;-9.47;3.82;1.14;Kitchen;C3_30;Faucet.002;TRUE;Kitchen
702;1;Shelf;1.05;196.80;37.70;-7.61;2.48;1.96;-7.65;2.71;1.69;Kitchen;C3_31;Shelf.003;TRUE;Kitchen
703;2;Cabinet;1.55;298.80;-31.10;-8.54;3.92;0.51;-8.58;4.15;0.24;Kitchen;C3_31;Cabinet.010;TRUE;Kitchen
704;3;Cabinet;1.53;331.20;29.40;-8.01;4.44;2.07;-8.05;4.67;1.80;Kitchen;C3_31;Cabinet.013;TRUE;Kitchen
705;4;Window;2.02;279.90;9.30;-9.34;3.62;1.64;-9.38;3.85;1.37;Kitchen;C3_31;Window.006;TRUE;Kitchen
706;5;Lamp;1.01;190.50;68.40;-7.44;2.91;2.25;-7.48;3.14;1.99;Kitchen;C3_31;Lamp.024;TRUE;Kitchen
707;6;Lamp;1.03;351.20;68.50;-7.43;3.65;2.28;-7.47;3.88;2.01;Kitchen;C3_31;Lamp.027;TRUE;Kitchen
708;7;Stove;1.45;336.40;-16.60;-7.93;4.55;0.90;-7.97;4.78;0.63;Kitchen;C3_31;Stove;TRUE;Kitchen
709;8;Lamp;1.81;290.50;38.30;-8.70;3.77;2.43;-8.74;4.00;2.16;Kitchen;C3_31;Lamp.026;TRUE;Kitchen
710;9;Socket;1.85;251.80;-8.60;-9.11;2.70;1.04;-9.15;2.93;0.77;Kitchen;C3_31;Socket.007;TRUE;Kitchen
711;10;Kettle;1.58;20.50;-10.20;-6.83;4.73;1.04;-6.87;4.96;0.77;Kitchen;C3_31;Kettle;TRUE;Kitchen
712;11;Lamp;1.10;72.20;41.90;-6.59;3.53;2.05;-6.63;3.76;1.78;Kitchen;C3_31;-;FALSE;Kitchen
713;12;Faucet;1.99;289.60;-5.30;-9.23;3.94;1.13;-9.27;4.17;0.86;Kitchen;C3_31;Faucet.002;TRUE;Kitchen
714;13;Lamp;1.74;254.80;37.50;-8.70;2.91;2.37;-8.74;3.15;2.10;Kitchen;C3_31;Lamp.025;TRUE;Kitchen
715;14;Lamp;2.35;92.50;29.20;-5.32;3.19;2.46;-5.36;3.42;2.19;Kitchen;C3_31;Lamp.029;TRUE;Corridor
716;15;Switch;1.95;120.20;-8.00;-5.70;2.31;1.04;-5.75;2.54;0.77;Kitchen;C3_31;Switch.009;TRUE;Kitchen
717;16;Sink;1.74;288.70;-14.90;-8.96;3.82;0.87;-9.00;4.05;0.60;Kitchen;C3_31;Sink.001;TRUE;Kitchen
718;17;Dishwasher;1.28;21.50;-38.50;-7.00;4.21;0.52;-7.04;4.44;0.25;Kitchen;C3_31;Cabinet.009;FALSE;Kitchen
719;18;Lamp;1.09;3.80;-64.90;-7.34;3.74;0.33;-7.38;3.97;0.06;Kitchen;C3_31;-;FALSE;Kitchen
720;19;Oven;1.24;345.80;-37.80;-7.61;4.23;0.56;-7.65;4.46;0.29;Kitchen;C3_31;Oven;TRUE;Kitchen
721;20;Lamp;0.93;186.60;-52.30;-7.43;2.71;0.58;-7.48;2.94;0.31;Kitchen;C3_31;-;FALSE;Kitchen
722;1;Window;2.00;266.60;6.70;-9.37;3.70;1.55;-9.34;3.79;1.34;Kitchen;C3_32;Window.006;TRUE;Kitchen
723;2;Shelf;1.60;196.50;23.70;-7.80;2.41;1.96;-7.77;2.50;1.75;Kitchen;C3_32;Shelf.003;TRUE;Kitchen
724;3;Cabinet;1.00;324.00;37.80;-7.85;4.46;1.93;-7.82;4.55;1.72;Kitchen;C3_32;Cabinet.013;TRUE;Kitchen
725;4;Lamp;1.43;190.30;48.50;-7.56;2.88;2.39;-7.52;2.97;2.18;Kitchen;C3_32;Lamp.024;TRUE;Kitchen
726;5;Lamp;1.96;239.70;32.10;-8.82;2.98;2.36;-8.79;3.07;2.15;Kitchen;C3_32;Lamp.025;TRUE;Kitchen
727;6;Lamp;1.75;271.50;38.10;-8.76;3.85;2.40;-8.73;3.94;2.19;Kitchen;C3_32;Lamp.026;TRUE;Kitchen
728;7;Lamp;0.80;236.20;84.20;-7.45;3.77;2.12;-7.42;3.86;1.91;Kitchen;C3_32;Lamp.027;TRUE;Kitchen
729;8;Lamp;1.12;96.80;24.60;-6.38;3.70;1.78;-6.35;3.78;1.57;Kitchen;C3_32;-;FALSE;Kitchen
730;9;Faucet;1.91;271.10;-7.70;-9.28;3.85;1.06;-9.25;3.94;0.85;Kitchen;C3_32;Faucet.002;TRUE;Kitchen
731;10;Lamp;1.14;116.20;22.60;-6.44;3.35;1.75;-6.41;3.44;1.54;Kitchen;C3_32;-;FALSE;Kitchen
732;11;Kettle;1.10;36.90;-16.80;-6.75;4.66;1.00;-6.72;4.75;0.79;Kitchen;C3_32;Kettle;TRUE;Kitchen
733;12;Socket;1.45;321.90;-12.70;-8.26;4.93;1.00;-8.23;5.02;0.79;Kitchen;C3_32;Socket.008;TRUE;Kitchen
734;13;Cabinet;1.34;291.60;-43.40;-8.29;4.18;0.39;-8.26;4.26;0.18;Kitchen;C3_32;Cabinet.010;TRUE;Kitchen
735;14;Dishwasher;0.83;47.60;-57.90;-7.06;4.11;0.61;-7.03;4.20;0.40;Kitchen;C3_32;Cabinet.009;FALSE;Kitchen
736;15;Shelf;1.41;189.00;-37.20;-7.56;2.71;0.46;-7.53;2.79;0.25;Kitchen;C3_32;Table.003;FALSE;Kitchen
737;16;Oven;0.74;329.50;-45.90;-7.65;4.26;0.78;-7.62;4.35;0.58;Kitchen;C3_32;Oven;TRUE;Kitchen
738;17;Lamp;1.12;98.50;44.40;-6.59;3.70;2.10;-6.56;3.79;1.89;Kitchen;C3_32;-;FALSE;Kitchen
739;18;Sink;1.74;266.30;-17.00;-9.05;3.71;0.81;-9.01;3.80;0.60;Kitchen;C3_32;Sink.001;TRUE;Kitchen
740;1;Dishwasher;1.1;215.8;-43.9;-8.55;3.15;0.55;-8.59;3.21;0.44;Kitchen;C3_33;Dishwasher;TRUE;Kitchen
741;2;Shelf;1.51;156.1;-35.7;-7.58;2.67;0.43;-7.63;2.74;0.32;Kitchen;C3_33;Table.003;FALSE;Kitchen
742;3;Cabinet;1.01;329.4;40.2;-8.47;4.46;1.97;-8.52;4.52;1.86;Kitchen;C3_33;Cabinet.013;TRUE;Kitchen
743;4;Window;1.48;266.6;10.6;-9.53;3.71;1.59;-9.58;3.77;1.48;Kitchen;C3_33;Window.006;TRUE;Kitchen
744;5;Cabinet;0.75;280.8;-45.4;-8.6;3.89;0.78;-8.65;3.96;0.67;Kitchen;C3_33;Cabinet.010;TRUE;Kitchen
745;6;Sink;1.18;261.9;-31.5;-9.08;3.65;0.7;-9.13;3.72;0.59;Kitchen;C3_33;Sink.001;TRUE;Kitchen
746;7;Lamp;1.08;100.3;63.4;-7.6;3.71;2.28;-7.65;3.77;2.17;Kitchen;C3_33;Lamp.027;TRUE;Kitchen
747;8;Lamp;1.2;271.4;57.1;-8.73;3.81;2.32;-8.78;3.87;2.21;Kitchen;C3_33;Lamp.026;TRUE;Kitchen
748;9;Lamp;1.51;154;44.8;-7.61;2.83;2.38;-7.66;2.89;2.27;Kitchen;C3_33;Lamp.024;TRUE;Kitchen
749;10;Kettle;1.22;315.4;-15.5;-8.91;4.63;0.99;-8.96;4.7;0.88;Kitchen;C3_33;-;FALSE;Kitchen
750;11;Lamp;1.55;222.6;42.4;-8.86;2.95;2.36;-8.9;3.01;2.25;Kitchen;C3_33;Lamp.025;TRUE;Kitchen
751;12;Shelf;1.6;168.6;24.1;-7.79;2.36;1.97;-7.84;2.43;1.86;Kitchen;C3_33;Shelf.003;TRUE;Kitchen
752;13;Window;4.07;123;0.9;-4.66;1.58;1.38;-4.71;1.64;1.27;Kitchen;C3_33;Window.002;TRUE;LivingRoom
753;14;Lamp;1.67;96.5;19.2;-6.51;3.61;1.87;-6.56;3.68;1.76;Kitchen;C3_33;-;FALSE;Kitchen
754;15;Coffe Machine;0.95;336.1;-21.6;-8.44;4.6;0.96;-8.49;4.67;0.86;Kitchen;C3_33;Toaster;FALSE;Kitchen
755;16;Kettle;1.51;63.5;-10.3;-6.75;4.45;1.05;-6.8;4.52;0.94;Kitchen;C3_33;Kettle;TRUE;Kitchen
756;17;Phone;1.59;207.4;-10.2;-8.8;2.4;1.03;-8.85;2.47;0.93;Kitchen;C3_33;-;FALSE;Kitchen
757;18;Socket;1.11;355.9;-15.1;-8.16;4.87;1.03;-8.2;4.93;0.92;Kitchen;C3_33;Socket.008;TRUE;Kitchen
758;19;Socket;1.14;2.6;-14.8;-8.03;4.9;1.02;-8.08;4.96;0.91;Kitchen;C3_33;Socket.008;TRUE;Kitchen
759;20;Faucet;1.39;272.1;-13.4;-9.43;3.84;0.99;-9.48;3.91;0.88;Kitchen;C3_33;Faucet.002;TRUE;Kitchen
760;21;Cabinet;1.14;58.5;38.8;-7.32;4.26;2.03;-7.37;4.32;1.92;Kitchen;C3_33;Cabinet.013;TRUE;Kitchen
761;1;Sink;1.28;315.40;-25.40;-8.88;3.74;0.77;-8.94;3.98;0.62;Kitchen;C3_34;Sink.001;TRUE;Kitchen
762;2;Cabinet;0.82;292.40;-40.50;-8.65;3.16;0.78;-8.71;3.39;0.63;Kitchen;C3_34;Cabinet.010;TRUE;Kitchen
763;3;Socket;1.26;256.70;-13.50;-9.26;2.64;1.02;-9.32;2.87;0.87;Kitchen;C3_34;Socket.007;TRUE;Kitchen
764;4;Window;1.49;297.60;10.90;-9.37;3.60;1.60;-9.42;3.83;1.45;Kitchen;C3_34;Window.006;TRUE;Kitchen
765;5;Lamp;1.01;97.60;65.20;-7.65;2.86;2.24;-7.71;3.10;2.09;Kitchen;C3_34;Lamp.024;TRUE;Kitchen
766;6;Lamp;1.11;271.80;55.30;-8.70;2.94;2.23;-8.76;3.17;2.08;Kitchen;C3_34;Lamp.025;TRUE;Kitchen
767;7;Lamp;1.44;320.80;43.00;-8.74;3.73;2.29;-8.79;3.97;2.15;Kitchen;C3_34;Lamp.026;TRUE;Kitchen
768;8;Lamp;1.46;34.90;48.00;-7.51;3.72;2.40;-7.57;3.95;2.25;Kitchen;C3_34;Lamp.027;TRUE;Kitchen
769;9;Lamp;2.81;84.40;23.50;-5.50;3.17;2.44;-5.56;3.41;2.29;Kitchen;C3_34;Lamp.029;TRUE;Corridor
770;10;Cabinet;1.65;342.50;21.80;-8.53;4.38;1.93;-8.59;4.62;1.78;Kitchen;C3_34;Cabinet.013;TRUE;Kitchen
771;11;Faucet;1.65;315.70;-11.60;-9.20;4.08;0.98;-9.26;4.31;0.83;Kitchen;C3_34;Faucet.002;TRUE;Kitchen
772;12;Kettle;1.69;333.30;-10.50;-8.82;4.41;1.01;-8.88;4.64;0.86;Kitchen;C3_34;-;FALSE;Kitchen
773;13;Window;1.45;290.90;10.10;-9.41;3.43;1.57;-9.46;3.66;1.42;Kitchen;C3_34;Window.006;TRUE;Kitchen
774;14;Socket;2.43;95.70;-31.40;-6.01;2.71;0.05;-6.07;2.95;-0.10;Kitchen;C3_34;-;FALSE;Kitchen
775;15;Shelf;0.94;123.30;-47.50;-7.54;2.57;0.62;-7.60;2.81;0.47;Kitchen;C3_34;Table.003;FALSE;Kitchen
776;16;Door;3.77;88.40;-2.80;-4.31;3.03;1.13;-4.37;3.26;0.99;Kitchen;C3_34;Door.005;TRUE;Corridor
777;1;Shelf;1.23;170.60;43.10;-7.73;2.49;2.16;-8.87;2.82;-0.54;Kitchen;C3_35;Shelf.003;TRUE;Kitchen
778;2;Sink;1.41;285.70;-24.90;-9.11;3.72;0.72;-10.25;4.06;-1.98;Kitchen;C3_35;Sink.001;TRUE;Kitchen
779;3;Cabinet;1.42;333.50;28.00;-8.44;4.50;1.98;-9.58;4.83;-0.72;Kitchen;C3_35;Cabinet.013;TRUE;Kitchen
780;4;Lamp;1.11;39.30;63.70;-7.57;3.76;2.31;-8.71;4.09;-0.39;Kitchen;C3_35;Lamp.027;TRUE;Kitchen
781;5;Faucet;1.63;287.30;-11.20;-9.40;3.85;1.00;-10.54;4.19;-1.70;Kitchen;C3_35;Faucet.002;TRUE;Kitchen
782;6;Lamp;1.17;140.30;63.00;-7.54;2.97;2.36;-8.68;3.30;-0.34;Kitchen;C3_35;Lamp.024;TRUE;Kitchen
783;7;Lamp;1.47;294.20;46.60;-8.80;3.79;2.38;-9.94;4.13;-0.32;Kitchen;C3_35;Lamp.026;TRUE;Kitchen
784;8;Lamp;1.47;243.50;47.50;-8.77;2.93;2.40;-9.91;3.27;-0.30;Kitchen;C3_35;Lamp.025;TRUE;Kitchen
785;9;Cabinet;1.11;285.70;-38.20;-8.72;3.61;0.63;-9.85;3.95;-2.07;Kitchen;C3_35;Cabinet.010;TRUE;Kitchen
786;10;Window;1.67;276.80;10.30;-9.51;3.57;1.61;-10.65;3.91;-1.09;Kitchen;C3_35;Window.006;TRUE;Kitchen
787;11;Lamp;1.49;81.70;20.40;-6.50;3.58;1.83;-7.64;3.91;-0.87;Kitchen;C3_35;-;FALSE;Kitchen
788;12;Dishwasher;1.18;237.90;-43.80;-8.61;2.92;0.50;-9.74;3.26;-2.20;Kitchen;C3_35;Dishwasher;TRUE;Kitchen
789;13;Kettle;1.62;39.50;-12.40;-6.87;4.60;0.97;-8.01;4.93;-1.73;Kitchen;C3_35;Kettle;TRUE;Kitchen
790;14;Switch;2.73;114.10;-3.60;-5.40;2.27;1.15;-6.53;2.60;-1.55;Kitchen;C3_35;Switch.009;TRUE;Kitchen
791;15;Shelf;1.20;150.10;-41.90;-7.44;2.60;0.51;-8.57;2.94;-2.19;Kitchen;C3_35;Table.003;FALSE;Kitchen
792;16;Socket;1.64;236.60;-9.40;-9.23;2.49;1.05;-10.37;2.82;-1.65;Kitchen;C3_35;Socket.007;TRUE;Kitchen
793;1;Door;1.13;107.80;-3.60;-4.00;0.73;1.24;-1.70;0.33;-1.40;Corridor;C3_36;Door.003;TRUE;Bathroom
794;2;Door;3.60;354.80;-3.90;-5.40;4.65;1.07;-3.10;4.25;-1.58;Corridor;C3_36;Door.004;TRUE;Corridor
795;3;Window;4.39;265.80;1.30;-9.46;0.75;1.42;-7.16;0.35;-1.23;Corridor;C3_36;Window.004;TRUE;Bedroom
796;4;Heater;4.11;265.70;-14.50;-9.05;0.78;0.29;-6.74;0.37;-2.36;Corridor;C3_36;Heater.002;TRUE;Bedroom
797;5;Window;3.35;250.50;1.50;-8.24;-0.04;1.40;-5.93;-0.45;-1.25;Corridor;C3_36;Window.003;TRUE;Bedroom
798;6;Lamp;0.98;345.60;78.50;-5.13;1.27;2.28;-2.82;0.86;-0.37;Corridor;C3_36;Lamp.023;TRUE;Corridor
799;7;Door;3.63;2.60;-3.70;-4.92;4.69;1.08;-2.61;4.29;-1.57;Corridor;C3_36;Door.004;TRUE;Corridor
800;8;Door;1.38;240.60;-9.60;-6.27;0.41;1.08;-3.96;0.00;-1.56;Corridor;C3_36;Door.002;TRUE;Bedroom
801;9;Door;1.79;49.70;-5.90;-3.73;2.23;1.13;-1.42;1.82;-1.52;Corridor;C3_36;Door;TRUE;LivingRoom
802;10;Switch;1.25;211.50;-15.40;-5.71;0.05;0.98;-3.40;-0.35;-1.66;Corridor;C3_36;Switch.007;TRUE;Corridor
803;11;Lamp;1.01;8.50;78.80;-5.05;1.27;2.30;-2.75;0.87;-0.34;Corridor;C3_36;Lamp.023;TRUE;Corridor
804;12;Lamp;1.95;261.40;40.60;-6.54;0.85;2.58;-4.24;0.45;-0.06;Corridor;C3_36;Lamp.015;TRUE;Bedroom
805;13;Lamp;2.56;263.50;29.00;-7.31;0.82;2.56;-5.00;0.42;-0.09;Corridor;C3_36;Lamp.016;TRUE;Bedroom
806;14;Lamp;3.84;265.20;17.40;-8.73;0.77;2.46;-6.43;0.37;-0.18;Corridor;C3_36;Lamp.018;TRUE;Bedroom
807;15;Lamp;3.23;264.60;22.00;-8.06;0.79;2.52;-5.76;0.39;-0.13;Corridor;C3_36;Lamp.017;TRUE;Bedroom
808;16;Sink;2.05;167.90;-13.90;-4.66;-0.87;0.82;-2.36;-1.27;-1.82;Corridor;C3_36;Sink;TRUE;Bathroom
809;17;Lamp;2.77;188.70;25.10;-5.46;-1.40;2.49;-3.15;-1.81;-0.16;Corridor;C3_36;Lamp.012;TRUE;Bathroom
810;18;Lamp;2.97;187.00;21.30;-5.42;-1.67;2.40;-3.11;-2.08;-0.25;Corridor;C3_36;Lamp.013;TRUE;Bathroom
811;19;Cabinet;2.29;287.70;-5.80;-7.25;1.77;1.08;-4.95;1.36;-1.56;Corridor;C3_36;Wardrobe;TRUE;Bedroom
812;20;Switch;2.82;346.50;-5.10;-5.74;3.81;1.06;-3.43;3.41;-1.58;Corridor;C3_36;Switch.008;TRUE;Corridor
813;21;Faucet;2.38;165.60;-8.50;-4.49;-1.20;0.96;-2.19;-1.61;-1.68;Corridor;C3_36;Faucet;TRUE;Bathroom
814;22;Shelf;1.10;83.70;55.50;-4.46;1.14;2.22;-2.16;0.74;-0.43;Corridor;C3_36;Shelf.002;TRUE;Corridor
815;23;Cabinet;2.23;166.80;16.20;-4.59;-1.01;1.94;-2.29;-1.41;-0.71;Corridor;C3_36;-;FALSE;Bathroom
816;24;Socket;2.29;359.00;-33.40;-5.11;2.98;0.06;-2.81;2.58;-2.59;Corridor;C3_36;-;FALSE;Corridor
817;25;Fan;2.51;348.10;26.10;-5.54;3.28;2.42;-3.24;2.88;-0.23;Corridor;C3_36;-;FALSE;Corridor
818;1;Door;3.16;6.50;-3.10;-4.79;5.14;1.14;0.36;3.14;0.02;Corridor;C3_37;Door.004;TRUE;Corridor
819;2;Door;1.65;154.20;-8.50;-4.44;0.53;1.07;0.71;-1.47;-0.05;Corridor;C3_37;Door.003;TRUE;Bathroom
820;3;Lamp;1.32;178.40;59.50;-5.13;1.33;2.46;0.02;-0.67;1.33;Corridor;C3_37;Lamp.023;TRUE;Corridor
821;4;Door;5.80;113.00;-0.70;0.19;-0.26;1.25;5.34;-2.26;0.12;Corridor;C3_37;Door.001;TRUE;LivingRoom
822;5;Window;5.70;103.50;3.70;0.38;0.68;1.68;5.53;-1.32;0.55;Corridor;C3_37;Window.001;TRUE;LivingRoom
823;6;Window;5.84;121.40;2.70;-0.17;-1.04;1.59;4.98;-3.04;0.47;Corridor;C3_37;Window.002;TRUE;LivingRoom
824;7;Sofa;2.86;100.10;-16.60;-2.45;1.52;0.50;2.70;-0.48;-0.63;Corridor;C3_37;Sofa.001;TRUE;LivingRoom
825;8;Door;3.22;356.70;-3.30;-5.33;5.21;1.13;-0.19;3.21;0.01;Corridor;C3_37;Door.004;TRUE;Corridor
826;9;Switch;2.05;195.90;-9.10;-5.70;0.06;0.99;-0.55;-1.94;-0.13;Corridor;C3_37;Switch.007;TRUE;Corridor
827;10;Table;4.75;126.00;-9.80;-1.36;-0.75;0.50;3.79;-2.76;-0.62;Corridor;C3_37;Table;TRUE;LivingRoom
828;11;Switch;2.09;347.40;-5.90;-5.60;4.03;1.10;-0.45;2.03;-0.02;Corridor;C3_37;Switch.008;TRUE;Corridor
829;12;Lamp;3.99;99.90;18.90;-1.43;1.36;2.60;3.72;-0.65;1.48;Corridor;C3_37;Lamp;TRUE;LivingRoom
830;13;Door;1.95;214.40;-9.20;-6.24;0.41;1.00;-1.09;-1.59;-0.12;Corridor;C3_37;Door.002;TRUE;Bedroom
831;14;Painting;4.28;105.40;-6.60;-1.05;0.87;0.82;4.09;-1.13;-0.30;Corridor;C3_37;Pillow.003;FALSE;LivingRoom
832;15;Door;2.40;31.40;-0.20;-3.90;4.05;1.31;1.25;2.05;0.18;Corridor;C3_37;Door.005;TRUE;Corridor
833;16;Shelf;1.66;342.00;47.20;-5.50;3.07;2.53;-0.35;1.07;1.41;Corridor;C3_37;-;FALSE;Corridor
834;17;Chair;5.61;122.00;-10.50;-0.47;-0.92;0.29;4.68;-2.92;-0.83;Corridor;C3_37;Chair.001;TRUE;LivingRoom
835;18;Shelf;1.84;17.20;49.40;-4.79;3.14;2.71;0.35;1.14;1.58;Corridor;C3_37;-;FALSE;Corridor
836;19;Chair;5.50;123.00;-11.00;-0.62;-0.93;0.27;4.52;-2.94;-0.86;Corridor;C3_37;Chair;TRUE;LivingRoom
837;20;Socket;1.25;66.70;-57.30;-4.53;2.27;0.26;0.62;0.27;-0.86;Corridor;C3_37;Socket.006;TRUE;Corridor
838;21;Switch;1.58;151.50;-18.30;-4.43;0.68;0.82;0.72;-1.32;-0.31;Corridor;C3_37;-;FALSE;Bathroom
839;22;Cabinet;3.09;174.40;-16.40;-4.86;-0.95;0.44;0.29;-2.95;-0.68;Corridor;C3_37;Sink;FALSE;Corridor
840;23;Lamp;2.04;358.50;43.40;-5.19;3.48;2.71;-0.04;1.48;1.59;Corridor;C3_37;Lamp.029;TRUE;Corridor
841;24;Cabinet;1.37;32.90;-46.40;-4.63;2.80;0.32;0.51;0.79;-0.80;Corridor;C3_37;Cabinet.008;TRUE;Corridor
842;25;Plant;4.66;126.40;-4.90;-1.41;-0.75;0.91;3.74;-2.76;-0.21;Corridor;C3_37;-;FALSE;LivingRoom
843;1;Shelf;2.42;262.00;17.60;-7.37;2.75;2.05;-7.57;2.81;1.69;Corridor;C3_38;Shelf.003;TRUE;Kitchen
844;2;Cabinet;2.77;264.20;-18.70;-7.69;2.81;0.43;-7.89;2.87;0.07;Corridor;C3_38;Table.003;FALSE;Kitchen
845;3;Door;2.06;352.20;-4.90;-5.36;5.11;1.14;-5.56;5.17;0.79;Corridor;C3_38;Door.004;TRUE;Corridor
846;4;Window;4.19;276.30;5.70;-9.22;3.53;1.73;-9.42;3.59;1.38;Corridor;C3_38;Window.006;TRUE;Kitchen
847;5;Door;2.11;7.80;-4.60;-4.79;5.15;1.14;-4.99;5.21;0.79;Corridor;C3_38;Door.004;TRUE;Corridor
848;6;Lamp;1.04;343.70;77.90;-5.14;3.28;2.33;-5.34;3.34;1.98;Corridor;C3_38;Lamp.029;TRUE;Corridor
849;7;Cabinet;3.52;177.70;-14.40;-4.94;-0.33;0.44;-5.14;-0.27;0.09;Corridor;C3_38;Sink;FALSE;Bathroom
850;8;Switch;1.32;316.30;-13.10;-5.97;4.00;1.02;-6.17;4.06;0.66;Corridor;C3_38;Switch.008;TRUE;Corridor
851;9;Lamp;2.28;180.00;33.40;-5.08;1.16;2.57;-5.28;1.22;2.22;Corridor;C3_38;Lamp.023;TRUE;Corridor
852;10;Lamp;1.03;4.70;78.20;-5.06;3.28;2.33;-5.26;3.34;1.97;Corridor;C3_38;Lamp.029;TRUE;Corridor
853;11;Switch;1.47;236.60;-12.20;-6.28;2.28;1.00;-6.48;2.34;0.65;Corridor;C3_38;Switch.009;TRUE;Kitchen
854;12;Door;2.59;168.50;-8.40;-4.57;0.56;0.93;-4.77;0.62;0.58;Corridor;C3_38;Door.003;TRUE;Bathroom
855;13;Lamp;2.82;267.30;28.30;-7.56;2.96;2.66;-7.76;3.02;2.30;Corridor;C3_38;Lamp.024;TRUE;Kitchen
856;14;Switch;2.65;191.80;-5.90;-5.62;0.49;1.04;-5.82;0.55;0.69;Corridor;C3_38;Switch.007;TRUE;Corridor
857;15;Door;2.62;285.90;1.10;-7.59;3.79;1.37;-7.79;3.85;1.01;Corridor;C3_38;-;FALSE;Kitchen
858;16;Alarm Sensor;2.12;2.00;36.60;-5.02;4.77;2.58;-5.22;4.83;2.23;Corridor;C3_38;-;FALSE;Corridor
859;1;Door;1.30;343.30;-5.40;-5.50;5.27;1.19;-0.37;1.24;0.07;Corridor;C3_39;Door.004;TRUE;Corridor
860;2;Door;1.21;17.40;-5.40;-4.77;5.18;1.20;0.36;1.15;0.08;Corridor;C3_39;Door.004;TRUE;Corridor
861;3;Door;1.12;50.00;-7.40;-4.28;4.74;1.17;0.85;0.71;0.05;Corridor;C3_39;-;FALSE;Corridor
862;4;Lamp;1.31;180.30;60.60;-5.14;3.38;2.46;0.00;-0.64;1.33;Corridor;C3_39;Lamp.029;TRUE;Corridor
863;5;Switch;1.27;230.00;-17.20;-6.06;3.25;0.94;-0.93;-0.78;-0.19;Corridor;C3_39;Switch.008;TRUE;Corridor
864;6;Switch;2.19;206.20;-7.10;-6.09;2.08;1.04;-0.96;-1.95;-0.08;Corridor;C3_39;Switch.009;TRUE;Kitchen
865;7;Lamp;2.63;178.10;23.00;-5.05;1.60;2.34;0.08;-2.42;1.22;Corridor;C3_39;Lamp.023;TRUE;Corridor
866;8;Switch;3.48;187.10;-4.30;-5.56;0.58;1.06;-0.43;-3.44;-0.07;Corridor;C3_39;Switch.007;TRUE;Corridor
